id,name,sex,religion,occupation,social_status,allegiance_last,allegiance_switched,intro_season,intro_episode,intro_time_sec,intro_time_hrs,dth_flag,dth_season,dth_episode,dth_time_sec,dth_time_hrs,censor_time_sec,censor_time_hrs,exp_season,exp_episode,exp_time_sec,exp_time_hrs,featured_episode_count,prominence,dth_description,icd10_dx_code,icd10_dx_text,icd10_cause_code,icd10_cause_text,icd10_place_code,icd10_place_text,top_location,geo_location,time_of_day,,,,,,
100,Waymar Royce,1,9,2,2,3,1,1,1,1,0.00,1,1,1,342,0.10,342,0.10,1,1,342,0.10,1,1.0000,Killed by a white walker in a forest,T14,Injury of unspecified body region,X99.0,Assault by knife,Y92.84,Forest,2,1,1,,,,,,
101,Gared Tuttle,1,9,2,2,3,1,1,1,1,0.00,1,1,1,405,0.11,405,0.11,1,1,405,0.11,1,1.0000,Decapitation by a white walker in a forest,S18,Traumatic amputation at neck level,X99.0,Assault by knife,Y92.84,Forest,2,1,1,,,,,,
102,Will,1,9,2,2,3,1,1,1,1,0.00,1,1,1,692,0.19,692,0.19,1,1,692,0.19,1,1.0000,Decapitation by Ned Stark (legal execution) in a field,S18,Traumatic amputation at neck level,Y35.5,Legal execution,Y92.86,Other specified countryside,2,1,1,,,,,,
103,Irri,2,1,2,2,2,2,1,1,135,0.04,1,2,16,48623,13.51,48623,13.51,2,16,48489,13.47,13,1.6250,Strangled to death with a tassel by Doreah in a room in a castle in Qarth,T71,Asphyxiation,X91,"Assault by hanging, strangulation and suffocation",Y92.0,Home,1,2,1,,,,,,
104,Jon Snow,1,4,2,1,3,2,1,1,454,0.13,0,,,,,230800,64.11,8,73,230347,63.99,63,6.9041,,,,,,,,,,,,,,,,
105,Bran Stark,1,4,1,1,1,1,1,1,454,0.13,0,,,,,230800,64.11,8,73,230347,63.99,40,4.3836,,,,,,,,,,,,,,,,
106,Robb Stark,1,3,1,1,1,1,1,1,454,0.13,1,3,29,88074,24.47,88074,24.47,3,29,87621,24.34,22,2.2759,Shot by arrows and stabbed in the abdomen in the wedding hall at The Twins,S31,"Open wound of abdomen, lower back and pelvis",X99.8,Assault by other specified sharp object,Y92.0,Home,1,1,2,,,,,,
107,Rodrik Cassel,1,9,2,2,1,1,1,1,457,0.13,1,2,16,46178,12.83,46178,12.83,2,16,45722,12.70,15,1.8750,Decapitated by Theon Greyjoy in Winterfell castle grounds,S18,Traumatic amputation at neck level,Y36.4,War operations involving firearm discharge and other forms of conventional warfare,Y92.0,Home,2,1,1,,,,,,
108,Rickon Stark,1,4,9,1,1,1,1,1,467,0.13,1,6,59,177403,49.28,177403,49.28,6,59,176937,49.15,14,1.4237,Shot with an arrow through the thorax by Ramsay Bolton in field near Winterfell,S21,Open wound of chest,Y36.4,War operations involving firearm discharge and other forms of conventional warfare,Y92.86,Other specified countryside,2,1,1,,,,,,
109,Eddard Stark,1,4,1,1,8,1,1,1,467,0.13,1,1,9,28072,7.80,28072,7.80,1,9,27606,7.67,9,1.0000,Decapitated by Ilyn Payne on the steps of the Great Sept of Baelor,S18,Traumatic amputation at neck level,Y35.5,Legal execution,Y92.29,Other specified institution and public administrative area,2,1,1,,,,,,
110,Catelyn Stark,2,3,1,1,1,1,1,1,467,0.13,1,3,29,88106,24.47,88106,24.47,3,29,87640,24.34,24,2.4828,Throat slit by Walder Frey in the wedding hall at The Twins,S11,Open wound of neck,X99.0,Assault by knife,Y92.0,Home,1,1,2,,,,,,
111,Mordane ,2,3,1,2,8,1,1,1,484,0.13,1,1,9,27966,7.77,27966,7.77,1,9,27483,7.63,7,0.7778,Decapitated by The Lannisters at King's Landing,S18,Traumatic amputation at neck level,X99.0,Assault by knife,Y92.9,Unspecified place of occurrence,9,1,9,,,,,,
112,Sansa Stark,2,4,1,1,1,2,1,1,484,0.13,0,,,,,230800,64.11,8,73,230317,63.98,59,6.4658,,,,,,,,,,,,,,,,
113,Arya Stark,2,6,2,1,1,2,1,1,485,0.13,0,,,,,230800,64.11,8,73,230316,63.98,59,6.4658,,,,,,,,,,,,,,,,
114,Jory Cassel,1,9,2,2,1,1,1,1,614,0.17,1,1,5,15602,4.33,15602,4.33,1,5,14989,4.16,5,1.0000,Stabbed in the eye by Jamie Lannister in the streets of King's Landing,S06,Intracranial injury,X99.0,Assault by knife,Y92.4,Street and highway,2,1,1,,,,,,
115,Theon Greyjoy,1,5,1,1,1,2,1,1,660,0.18,1,8,70,216997,60.28,216997,60.28,8,70,216338,60.09,46,5.2571,"Impaled with a broken spear by the Night King, while defending Bran Stark, during the Battle of Winterfell",S31,"Open wound of abdomen, lower back and pelvis",X99.8,Assault by other specified sharp object,Y92.0,Home,2,1,2,,,,,,
116,Cersei Lannister,2,9,1,1,4,1,1,1,997,0.28,1,8,72,226072,62.80,226072,62.80,8,72,225076,62.52,61,6.7778,"Crushed by debris within the Red Keep, alongside Jaime Lannister, during the Battle of King's Landing",T14,Injury of unspecified body region,Y36.9,"War operations, unspecified",Y92.0,Home,1,1,1,,,,,,
117,Jaime Lannister,1,9,2,1,4,2,1,1,997,0.28,1,8,72,226072,62.80,226072,62.80,8,72,225076,62.52,54,6.0000,"Crushed by debris within the Red Keep, alongside Cersei Lannister, during the Battle of King's Landing",T14,Injury of unspecified body region,Y36.9,"War operations, unspecified",Y92.0,Home,1,1,1,,,,,,
118,Luwin,1,9,1,2,1,1,1,1,1186,0.33,1,2,20,59936,16.65,59936,16.65,2,20,58751,16.32,14,1.4000,Stabbed (euthanised) by Osha in the forst near Winterfell,T14,Injury of unspecified body region,X99.0,Assault by knife,Y92.84,Forest,2,1,1,,,,,,
119,Joffrey Baratheon,1,3,1,1,8,1,1,1,1347,0.37,1,4,32,97592,27.11,97592,27.11,4,32,96246,26.74,25,3.1250,Poisoned with the Strangler at his wedding feast by Olenna Tyrell in King's Landing,T65,Toxic effect of other and unspecified substances,X85,"Assault by drugs, medicaments and biological substances",Y92.0,Home,2,1,1,,,,,,
120,Sandor Clegane,1,9,2,2,8,2,1,1,1347,0.37,1,8,72,225677,62.69,225677,62.69,8,72,224331,62.31,38,4.2222,"Threw himself into a fiery chasm, in order to kill his brother, Gregor Clegane, during the Battle of King's Landing",T14,Injury of unspecified body region,X80,Intentional self-harm by jumping from a high place,Y92.0,Home,2,1,1,,,,,,
121,Hodor,1,9,2,2,1,1,1,1,1371,0.38,1,6,55,166799,46.33,166799,46.33,6,55,165429,45.95,23,2.5091,Ravaged by wights at the door to the cave of the Three-Eyed Raven beyond The Wall,T01,Open wounds involving multiple body regions,Y04,Assault by bodily force,Y92.86,Other specified countryside,2,1,2,,,,,,
122,Robert Baratheon,1,3,1,1,8,1,1,1,1423,0.40,1,1,7,21780,6.05,21780,6.05,1,7,20358,5.66,7,1.0000,Mortally wounded by a wild boar after drinking poisoned wine given to him by Lancel Lannister,S31,"Open wound of abdomen, lower back and pelvis",W55,Bitten or struck by other mammal,Y92.0,Home,1,1,1,,,,,,
123,Myrcella Baratheon,2,3,1,1,8,1,1,1,1499,0.42,1,5,50,150288,41.75,150288,41.75,5,50,148790,41.33,13,1.3000,Poisoned with the Long Farewell after being kissed by Ellaria Sand inside a cabin on a ship leaving Dorne,T65,Toxic effect of other and unspecified substances,X85,"Assault by drugs, medicaments and biological substances",Y92.82,Large area of water,1,1,1,,,,,,
124,Tommen Baratheon,1,3,1,1,8,1,1,1,1499,0.42,1,6,60,180026,50.01,180026,50.01,6,60,178528,49.59,24,2.4000,Committed suicide by jumping from a window in the Red Keep in King's Landing,T14,Injury of unspecified body region,X80,Intentional self-harm by jumping from a high place,Y92.0,Home,2,1,1,,,,,,
125,Tyrion Lannister,1,3,1,1,1,2,1,1,1664,0.46,0,,,,,230800,64.11,8,73,229137,63.65,67,7.3425,,,,,,,,,,,,,,,,
126,Ros,2,9,2,2,8,2,1,1,1674,0.47,1,3,26,78877,21.91,78877,21.91,3,26,77204,21.45,14,1.6154,Shot multiple times by Joffrey with a crossbow in a bedroom in King's landing,T01,Open wounds involving multiple body regions,X99.8,Assault by other specified sharp object,Y92.0,Home,1,1,9,,,,,,
127,Daenerys Targaryen,2,9,1,1,2,1,1,1,1830,0.51,1,8,73,226284,62.86,226284,62.86,8,72,224455,62.35,62,6.8889,Stabbed in the heart with a dagger by Jon Snow following the Battle of King's Landing,S21,Open wound of chest,X99.0,Assault by knife,Y92.0,Home,1,1,1,,,,,,
128,Viserys Targaryen,1,3,1,1,2,1,1,1,1845,0.51,1,1,6,18573,5.16,18573,5.16,1,6,16729,4.65,5,0.8333,Melted metal poured onto head by Khal Drogo inside a Dothraki tent,T29,Burns of multiple body regions,X98,"Assault by steam, hot vapours and hot objects",Y92.0,Home,1,2,2,,,,,,
129,Illyrio Mopatis,1,9,2,1,9,2,1,1,1969,0.55,0,,,,,230800,64.11,8,73,228832,63.56,2,0.2192,,,,,,,,,,,,,,,,
130,Qotho,1,1,2,2,8,1,1,1,1985,0.55,1,1,9,26835,7.45,26835,7.45,1,9,24851,6.90,6,0.6667,Slashed in the face by Jorah Mormont,S01,Open wound of head,X99.0,Assault by knife,Y92.86,Other specified countryside,2,2,1,,,,,,
131,Khal Drogo,1,1,2,2,8,1,1,1,1986,0.55,1,1,10,29961,8.32,29961,8.32,1,10,27976,7.77,9,0.9000,Suffocated by Daenerys Targaryen inside his own tent near Lhazar,T71,Asphyxiation,X91,"Assault by hanging, strangulation and suffocation",Y92.86,Other specified countryside,1,2,2,,,,,,
132,Mago,1,1,2,2,8,1,1,1,2046,0.57,1,1,8,23473,6.52,23473,6.52,1,8,21428,5.95,2,0.2500,Throat slashed and tongue ripped out by Khal Drogo near Lhazar,S11,Open wound of neck,X99.0,Assault by knife,Y92.86,Other specified countryside,2,2,1,,,,,,
133,Benjen Stark,1,4,2,1,3,1,1,1,2267,0.63,1,7,66,201490,55.97,201490,55.97,7,66,199224,55.34,6,0.6364,Overwhelmed fighting wights next to an ice lake in the mountains beyond The Wall,T01,Open wounds involving multiple body regions,Y36.4,War operations involving firearm discharge and other forms of conventional warfare,Y92.83,Beach,1,1,1,,,,,,
134,Jorah Mormont,1,4,2,1,2,2,1,1,2936,0.82,1,8,70,217270,60.35,217270,60.35,8,70,214335,59.54,51,5.8286,"Stabbed multiple times by wights, while defending Daenerys Targaryen, during the Battle of Winterfell",T01,Open wounds involving multiple body regions,Y36.4,War operations involving firearm discharge and other forms of conventional warfare,Y92.0,Home,2,1,2,,,,,,
135,Doreah,2,9,2,2,8,2,1,2,3538,0.98,1,2,20,60783,16.88,60783,16.88,2,19,57246,15.90,11,1.1579,Locked inside Xaro's vault to die,T74,Maltreatment syndromes,Y07,Other maltreatment syndromes,Y92.0,Home,1,2,1,,,,,,
136,Rast,1,9,2,2,3,1,1,2,4796,1.33,1,4,35,106588,29.61,106588,29.61,4,34,101793,28.28,12,1.4118,Mauled by a direwolf in the forest near Craster's Keep,T14,Injury of unspecified body region,W55,Bitten or struck by other mammal,Y92.84,Forest,2,1,2,,,,,,
137,Catspaw Assassin,1,9,2,2,8,1,1,2,5055,1.40,1,1,2,5094,1.42,5094,1.42,1,1,40,0.01,1,1.0000,Mauled by a direwolf (throat ripped open) in a bedroom at Winterfell,S11,Open wound of neck,W55,Bitten or struck by other mammal,Y92.0,Home,1,1,2,,,,,,
138,Ilyn Payne,1,9,2,2,4,1,1,2,5754,1.60,0,,,,,230800,64.11,8,72,225047,62.51,4,0.4444,,,,,,,,,,,,,,,,
139,Mycah,1,9,2,2,9,1,1,2,5832,1.62,1,1,2,6332,1.76,6332,1.76,1,1,501,0.14,1,1.0000,Killed by Sandor Clegane at the Cross Roads,T14,Injury of unspecified body region,Y09,Assault by unspecified means,Y92.4,Street and highway,2,1,2,,,,,,
140,Royal Steward,1,9,2,2,8,1,1,3,6465,1.80,0,,,,,230800,64.11,8,71,224336,62.32,4,0.4507,,,,,,,,,,,,,,,,
141,Petyr Baelish,1,9,1,1,1,2,1,3,6645,1.85,1,7,67,205428,57.06,205428,57.06,7,65,198784,55.22,41,4.4154,Throat slit by Arya Stark with the Valyrian steel dagger inside Winterfell,S11,Open wound of neck,X99.0,Assault by knife,Y92.0,Home,1,1,1,,,,,,
142,Renly Baratheon ,1,3,1,1,8,1,1,3,6645,1.85,1,2,15,42836,11.90,42836,11.90,2,13,36192,10.05,8,1.2308,Stabbed in the chest by a demon birthed by Melisandre in a tent in a field near the Stormlands,S21,Open wound of chest,Y36.4,War operations involving firearm discharge and other forms of conventional warfare,Y92.86,Other specified countryside,1,1,2,,,,,,
143,Varys,1,9,1,1,1,2,1,3,6645,1.85,1,8,72,222437,61.79,222437,61.79,8,70,215793,59.94,46,5.2571,"Burned alive by Drogon, on the orders of Daenerys Targaryen, for treason",T29,Burns of multiple body regions,Y35.5,Legal execution,Y92.83,Beach,2,1,2,,,,,,
144,Pycelle,1,9,1,2,4,1,1,3,6649,1.85,1,6,60,179409,49.84,179409,49.84,6,58,172761,47.99,31,3.2069,"Stabbed repeatedly by Qyburn's ""little birds"" in a room at King's Landing",T01,Open wounds involving multiple body regions,X99.0,Assault by knife,Y92.0,Home,1,1,1,,,,,,
145,Old Nan,2,9,2,2,1,1,1,3,7271,2.02,1,1,4,12690,3.53,12690,3.53,1,2,5420,1.51,2,1.0000,Presumed to have passed away peacefully from old age in her bed at Winterfell,R99,Other ill-defined and unspecified causes of mortality,,,,,1,1,9,,,,,,
146,Jeor Mormont,1,4,2,2,3,1,1,3,7609,2.11,1,3,24,72279,20.08,72279,20.08,3,22,64671,17.96,12,1.6364,"Stabbed in the back by Rast, then stabbed repeatedly in the chest at Craster's Keep",S21,Open wound of chest,X99.0,Assault by knife,Y92.0,Home,1,1,2,,,,,,
147,Grenn,1,9,2,2,3,1,1,3,7611,2.11,1,4,39,117783,32.72,117783,32.72,4,37,110173,30.60,21,2.2703,Killed by wildling giant in Castle Black tunnel,T14,Injury of unspecified body region,Y36.4,War operations involving firearm discharge and other forms of conventional warfare,Y92.12,Military camp,1,1,2,,,,,,
148,Alliser Thorne,1,9,2,2,3,1,1,3,7611,2.11,1,6,53,160398,44.56,160398,44.56,6,51,152788,42.44,19,2.2353,Executed by hanging by Jon Snow for treason at Castle Black,T71,Asphyxiation,Y35.5,Legal execution,Y92.12,Military camp,2,1,1,,,,,,
149,Pypar,1,9,2,2,3,1,1,3,7621,2.12,1,4,39,116761,32.43,116761,32.43,4,37,109141,30.32,12,1.2973,Shot through the neck with an arrow by Ygritte at Castle Black,S11,Open wound of neck,Y36.4,War operations involving firearm discharge and other forms of conventional warfare,Y92.12,Military camp,2,1,2,,,,,,
150,Lancel Lannister,1,3,2,1,8,2,1,3,8098,2.25,1,6,60,179691,49.91,179691,49.91,6,58,171594,47.67,16,1.6552,"Stabbed in the back by Arthur, then incinerated by wildfire explosion in King's Landing's sewage system",T29,Burns of multiple body regions,X97,"Assault by smoke, fire and flames",Y92.88,Other specified place of occurrence,1,1,1,,,,,,
151,Barristan Selmy ,1,9,2,1,2,2,1,3,8106,2.25,1,5,44,133379,37.05,133379,37.05,5,42,125274,34.80,24,2.8571,Stabbed repeately in the thorax and lower extremities by the Sons of the Harpy in the city streets of Meereen,T01,Open wounds involving multiple body regions,Y36.4,War operations involving firearm discharge and other forms of conventional warfare,Y92.4,Street and highway,2,2,1,,,,,,
152,Rakharo,1,1,2,2,2,2,1,3,8386,2.33,1,2,12,34805,9.67,34805,9.67,2,10,26420,7.34,6,1.2000,Decaptiated by unknown rival khalasar in the desert,S18,Traumatic amputation at neck level,X99.0,Assault by knife,Y92.85,Desert,9,2,9,,,,,,
153,Yoren,1,9,2,2,3,1,1,3,8782,2.44,1,2,13,39784,11.05,39784,11.05,2,11,31003,8.61,7,1.2727,Stabbed in the thoracic inlet by Armory Lorch and other men in a field near Harrenhal,S21,Open wound of chest,Y36.4,War operations involving firearm discharge and other forms of conventional warfare,Y92.86,Other specified countryside,2,1,2,,,,,,
154,Aemon,1,4,1,1,3,1,1,3,9214,2.56,1,5,47,139876,38.85,139876,38.85,5,45,130663,36.30,11,1.2222,Died peacefully in his bed from old age in his bedroom at Castle Black,R99,Other ill-defined and unspecified causes of mortality,,,,,1,1,2,,,,,,
155,Syrio Forel,1,6,2,2,1,1,1,3,9411,2.61,1,1,8,22317,6.20,22317,6.20,1,6,12907,3.59,3,0.5000,Killed by Meryn Trant in a sword fight at his residence in King's Landing,T14,Injury of unspecified body region,X99.0,Assault by knife,Y92.0,Home,1,1,1,,,,,,
156,Samwell Tarly,1,4,1,1,1,2,1,4,9918,2.76,0,,,,,230800,64.11,8,70,220883,61.36,48,5.4857,,,,,,,,,,,,,,,,
157,Janos Slynt,1,9,2,2,3,2,1,4,10615,2.95,1,5,43,129619,36.01,129619,36.01,5,40,119005,33.06,15,1.8750,Beheaded with Longclaw for insubordination by Jon Snow at Castle Black,S18,Traumatic amputation at neck level,Y35.5,Legal execution,Y92.12,Military camp,2,1,1,,,,,,
158,Hugh,1,9,2,2,8,1,1,4,11232,3.12,1,1,4,12316,3.42,12316,3.42,1,1,1085,0.30,1,1.0000,Killed by a splintered lance through the neck while jousting with Gregor Clegane in King's Landing,S11,Open wound of neck,X99.8,Assault by other specified sharp object,Y92.3,Sports and athletics area,2,1,1,,,,,,
159,Tobho Mott,1,9,2,2,9,1,1,4,11284,3.13,0,,,,,230800,64.11,8,70,219517,60.98,2,0.2286,,,,,,,,,,,,,,,,
160,Gendry Baratheon,1,9,2,1,1,2,1,4,11289,3.14,0,,,,,230800,64.11,8,70,219512,60.98,24,2.7429,,,,,,,,,,,,,,,,
161,Gregor Clegane,1,9,2,2,4,1,1,4,12228,3.40,1,8,72,225677,62.69,225677,62.69,8,69,213450,59.29,24,2.7826,"Thrown into a fiery chasm by his brother, Sandor Clegane, during the Battle of King's Landing",T14,Injury of unspecified body region,Y01,Assault by pushing from high place,Y92.0,Home,2,1,1,,,,,,
162,Marillion,1,9,2,2,9,1,1,4,12522,3.48,0,,,,,230800,64.11,8,70,218279,60.63,4,0.4571,,,,,,,,,,,,,,,,
163,Bronn,1,9,2,1,1,2,1,4,12557,3.49,0,,,,,230800,64.11,8,70,218244,60.62,36,4.1143,,,,,,,,,,,,,,,,
164,Loras Tyrell,1,3,2,1,8,2,1,5,12974,3.60,1,6,60,179691,49.91,179691,49.91,6,56,166718,46.31,20,2.1429,Burned alive in a wildfire explosion in the Great Sept of Baelor,T29,Burns of multiple body regions,X97,"Assault by smoke, fire and flames",Y92.29,Other specified institution and public administrative area,1,1,1,,,,,,
165,Vardis Egen,1,9,2,2,8,1,1,5,14283,3.97,1,1,6,17951,4.99,17951,4.99,1,2,3669,1.02,2,1.0000,Stabbed in the thoracic inlet (and thrown down the Moon Door) by Bronn during Tyrion's (first) trial by combat at the Eyrie,S21,Open wound of chest,X99.0,Assault by knife,Y92.0,Home,1,1,1,,,,,,
166,Robin Arryn,1,9,1,1,1,1,1,5,14643,4.07,0,,,,,230800,64.11,8,69,216158,60.04,9,1.0435,,,,,,,,,,,,,,,,
167,Lysa Arryn,2,9,1,1,8,2,1,5,14643,4.07,1,4,37,112268,31.19,112268,31.19,4,33,97626,27.12,5,0.6061,Fell to her death after being pushed out the Moon Door at the Eyrie by Petyr Baelish,T04,Crushing injuries involving multiple body regions,Y01,Assault by pushing from high place,Y92.0,Home,2,1,1,,,,,,
168,Mord,1,9,2,2,8,1,1,5,14758,4.10,0,,,,,230800,64.11,8,69,216043,60.01,2,0.2319,,,,,,,,,,,,,,,,
169,Barra,2,9,9,2,9,1,1,5,15399,4.28,1,2,11,33763,9.38,33763,9.38,2,7,18365,5.10,2,0.5714,Murdered by Janos Slynt with a knife inside brothel at King's Landing,T14,Injury of unspecified body region,X99.0,Assault by knife,Y92.5,Trade and service area,1,1,1,,,,,,
170,Mhaegen,2,9,2,2,8,1,1,5,15399,4.28,0,,,,,230800,64.11,8,69,215402,59.83,2,0.2319,,,,,,,,,,,,,,,,
171,Osha,2,4,2,2,1,2,1,6,16152,4.49,1,6,54,163081,45.30,163081,45.30,6,49,146930,40.81,16,1.9592,Stabbed in the neck by Ramsay Bolton at Winterfell,S11,Open wound of neck,X99.0,Assault by knife,Y92.0,Home,1,1,1,,,,,,
172,Beric Dondarrion,1,2,2,1,8,2,1,6,17431,4.84,1,8,70,215757,59.93,215757,59.93,8,65,198327,55.09,13,1.6000,"Stabbed multiple times by wights, while protecting Arya Stark, during the Battle of Winterfell",T01,Open wounds involving multiple body regions,Y36.4,War operations involving firearm discharge and other forms of conventional warfare,Y92.0,Home,1,1,2,,,,,,
173,Tywin Lannister,1,3,1,1,4,1,1,7,18607,5.17,1,4,40,121252,33.68,121252,33.68,4,34,102646,28.51,26,3.0588,Shot in the stomach and heart by Tyrion Lannister with a crossbow whilst on latrine in his residence at King's Landing,T01,Open wounds involving multiple body regions,X99.8,Assault by other specified sharp object,Y92.0,Home,1,1,2,,,,,,
174,Armeca,2,9,2,2,8,1,1,7,19067,5.30,0,,,,,230800,64.11,8,67,211734,58.82,4,0.4776,,,,,,,,,,,,,,,,
175,Wineseller Assassin,1,9,2,2,8,1,1,7,20234,5.62,1,1,7,21780,6.05,21780,6.05,1,1,1547,0.43,1,1.0000,Died from exhaustion from being tied and dragged naked by a horse on the road to Lhazar,T74,Maltreatment syndromes,Y07,Other maltreatment syndromes,Y92.4,Street and highway,2,2,9,,,,,,
176,Luke ,1,9,2,2,3,1,1,7,20505,5.70,0,,,,,230800,64.11,8,67,210296,58.42,1,0.1194,,,,,,,,,,,,,,,,
177,Dareon ,1,9,2,2,3,1,1,7,20692,5.75,0,,,,,230800,64.11,8,67,210109,58.36,1,0.1194,,,,,,,,,,,,,,,,
178,Mandon Moore,1,9,2,2,4,1,1,7,20888,5.80,1,2,19,57380,15.94,57380,15.94,2,13,36493,10.14,4,0.6154,Stabbed in the back of the head with a lance by Podrick Payne at the shore of Blackwater Bay,S06,Intracranial injury,Y36.4,War operations involving firearm discharge and other forms of conventional warfare,Y92.83,Beach,2,1,2,,,,,,
179,Boros Blount,1,9,2,2,4,1,1,7,21596,6.00,1,8,72,225132,62.54,225132,62.54,8,66,203537,56.54,7,0.8485,Killed by Sandor Clegane during the Battle of King's Landing,T14,Injury of unspecified body region,Y36.4,War operations involving firearm discharge and other forms of conventional warfare,Y92.0,Home,1,1,1,,,,,,
180,Todder,1,9,2,2,3,1,1,7,20617,5.73,0,,,,,230800,64.11,8,67,210184,58.38,4,0.4776,,,,,,,,,,,,,,,,
181,Meryn Trant,1,3,2,2,4,1,1,8,22018,6.12,1,5,50,149889,41.64,149889,41.64,5,43,127872,35.52,18,2.0930,"Stabbed in the skull and in the chest repeatedly, then throat slit by Arya Stark inside a brothel in Braavos",T01,Open wounds involving multiple body regions,X99.0,Assault by knife,Y92.5,Trade and service area,1,1,2,,,,,,
182,Stable boy,1,9,2,2,9,1,1,8,22069,6.13,1,1,8,22083,6.13,22083,6.13,1,1,15,0.00,1,1.0000,Stabbed in stomach by Ayra Stark with needle at the stables at King's Landing,S31,"Open wound of abdomen, lower back and pelvis",X99.0,Assault by knife,Y92.5,Trade and service area,2,1,1,,,,,,
183,Shagga,1,9,2,2,8,1,1,8,22847,6.35,0,,,,,230800,64.11,8,66,207954,57.77,2,0.2424,,,,,,,,,,,,,,,,
184,Mirri Maz Duur,2,7,1,2,9,1,1,8,23259,6.46,1,1,10,30825,8.56,30825,8.56,1,3,7567,2.10,3,1.0000,Burned to death by Daenerys Targaryen in a field in the wastelands near Lhazar,T29,Burns of multiple body regions,X97,"Assault by smoke, fire and flames",Y92.86,Other specified countryside,2,2,2,,,,,,
185,Greatjon Umber,1,4,1,1,1,1,1,8,23575,6.55,1,6,53,160465,44.57,160465,44.57,6,46,136891,38.03,3,0.3913,Died during the War of the Five Kings,T14,Injury of unspecified body region,Y36.4,War operations involving firearm discharge and other forms of conventional warfare,Y92.9,Unspecified place of occurrence,9,1,9,,,,,,
186,Timett,1,9,2,2,8,2,1,8,24223,6.73,0,,,,,230800,64.11,8,66,206578,57.38,4,0.4848,,,,,,,,,,,,,,,,
187,Kevan Lannister,1,9,2,1,4,1,1,8,24287,6.75,1,6,60,179691,49.91,179691,49.91,6,53,155405,43.17,12,1.3585,Burned alive in a wildfire explosion in the Great Sept of Baelor,T29,Burns of multiple body regions,X97,"Assault by smoke, fire and flames",Y92.29,Other specified institution and public administrative area,1,1,1,,,,,,
188,Chella ,2,9,2,2,8,2,1,8,25020,6.95,0,,,,,230800,64.11,8,66,205781,57.16,3,0.3636,,,,,,,,,,,,,,,,
189,Stevron Frey,1,9,2,1,7,1,1,9,25348,7.04,1,7,61,182588,50.72,182588,50.72,7,53,157241,43.68,1,0.1321,Poisoned by Arya Stark at The Twins,T65,Toxic effect of other and unspecified substances,X85,"Assault by drugs, medicaments and biological substances",Y92.0,Home,1,1,2,,,,,,
190,Joyeuse Erenford,2,9,9,1,7,1,1,9,25348,7.04,1,3,29,88090,24.47,88090,24.47,3,21,62743,17.43,2,0.2857,Throat slit by Catelyn Stark in the wedding hall at The Twins,S11,Open wound of neck,X99.0,Assault by knife,Y92.0,Home,1,1,2,,,,,,
191,Walder Frey,1,3,1,1,7,1,1,9,25348,7.04,1,6,60,181492,50.41,181492,50.41,6,52,156145,43.37,5,0.5769,Throat slit with a knife by Arya Stark at The Twins,S11,Open wound of neck,X99.0,Assault by knife,Y92.0,Home,1,1,2,,,,,,
192,Ryger Rivers,1,9,2,2,7,1,1,9,25374,7.05,1,7,61,182588,50.72,182588,50.72,7,53,157215,43.67,1,0.1321,Poisoned by Arya Stark at The Twins,T65,Toxic effect of other and unspecified substances,X85,"Assault by drugs, medicaments and biological substances",Y92.0,Home,1,1,2,,,,,,
193,Arwaya Frey,2,9,9,1,7,1,1,9,25374,7.05,0,,,,,230800,64.11,8,65,205427,57.06,2,0.2462,,,,,,,,,,,,,,,,
194,Shae,2,9,2,2,4,1,1,9,26211,7.28,1,4,40,121022,33.62,121022,33.62,4,32,94812,26.34,20,2.5000,Strangled to death with gold chains by Tyrion Lannister in a bedroom in King's Landing,T71,Asphyxiation,X91,"Assault by hanging, strangulation and suffocation",Y92.0,Home,1,1,2,,,,,,
195,High Septon 1,1,3,1,2,8,1,1,9,27843,7.73,1,2,16,47144,13.10,47144,13.10,2,8,19302,5.36,2,0.5000,Torn apart by an angry mob in the streets of King's Landing,T05,Traumatic amputations involving multiple body regions,Y04,Assault by bodily force,Y92.4,Street and highway,2,1,1,,,,,,
196,Rickard Karstark,1,9,1,1,1,1,1,10,28768,7.99,1,3,25,74358,20.66,74358,20.66,3,16,45591,12.66,6,1.1250,Decapitated by Robb Stark at Riverrun castle grounds,S18,Traumatic amputation at neck level,Y35.5,Legal execution,Y92.0,Home,2,1,1,,,,,,
197,Rorge,1,9,2,2,4,1,1,10,30286,8.41,1,4,37,109981,30.55,109981,30.55,4,28,79696,22.14,5,0.7143,Stabbed through the heart by Arya Stark in a field,S21,Open wound of chest,X99.0,Assault by knife,Y92.86,Other specified countryside,2,1,1,,,,,,
198,Lommy Greenhands,1,9,2,2,9,1,1,10,30295,8.42,1,2,13,39909,11.09,39909,11.09,2,4,9615,2.67,4,2.0000,Stabbed in the neck by Arya Stark in a field near Harrenhal,S11,Open wound of neck,X99.0,Assault by knife,Y92.86,Other specified countryside,2,1,2,,,,,,
199,Hot Pie,1,9,2,2,9,1,1,10,30295,8.42,0,,,,,230800,64.11,8,64,200506,55.70,12,1.5000,,,,,,,,,,,,,,,,
200,Jaqen H'ghar,1,6,2,2,8,1,1,10,30403,8.45,0,,,,,230800,64.11,8,64,200398,55.67,18,2.2500,,,,,,,,,,,,,,,,
201,Dontos Hollard,1,9,2,2,8,2,2,11,31018,8.62,1,4,33,97796,27.17,97796,27.17,3,23,66779,18.55,6,0.7826,Shot with arrow in the head by crossbowmen on the orders of Petyr Baelish in a rowboat outside King's Landing,S01,Open wound of head,X99.8,Assault by other specified sharp object,Y92.82,Large area of water,2,1,2,,,,,,
202,Aggo 1,1,1,2,1,2,1,2,11,31689,8.80,0,,,,,230800,64.11,7,63,199112,55.31,1,0.1111,,,,,,,,,,,,,,,,
203,Kovarro,1,1,2,2,2,1,2,11,31801,8.83,0,,,,,230800,64.11,7,63,199000,55.28,7,0.7778,,,,,,,,,,,,,,,,
204,Eddison Tollett,1,9,2,2,3,1,2,11,31907,8.86,1,8,70,213789,59.39,213789,59.39,7,60,181883,50.52,33,3.8500,Stabbed to death by wights during the Battle of Winterfell,T01,Open wounds involving multiple body regions,Y36.6,"War operations involving fires, conflagrations and hot substances",Y92.0,Home,2,1,2,,,,,,
205,Craster,1,7,2,2,8,1,2,11,31991,8.89,1,3,24,72213,20.06,72213,20.06,2,14,40223,11.17,5,0.7143,Stabbed in the larynx by Karl Tanner inside Craster's Keep,S11,Open wound of neck,X99.0,Assault by knife,Y92.0,Home,1,1,2,,,,,,
206,Gilly,2,9,9,2,8,2,2,11,32137,8.93,0,,,,,230800,64.11,7,63,198664,55.18,27,3.0000,,,,,,,,,,,,,,,,
207,Cressen,1,3,1,2,8,1,2,11,32259,8.96,1,2,11,32685,9.08,32685,9.08,1,1,427,0.12,1,1.0000,Poisoned by himself with The Strangler trying to kill Melisandre in the War Room at Dragonstone,T65,Toxic effect of other and unspecified substances,X64,"Intentional self-poisoning by and exposure to other unspecified drugs, medicaments and biological substances",Y92.0,Home,1,1,2,,,,,,
208,Melisandre,2,2,1,2,8,2,2,11,32272,8.96,1,8,70,217387,60.39,217387,60.39,7,60,185116,51.42,29,3.3833,Succumbed to old age after removing her enchanted necklace following the Battle of Winterfell,R99,Other ill-defined and unspecified causes of mortality,,,,,2,1,1,,,,,,
209,Matthos Seaworth,1,2,2,2,8,1,2,11,32288,8.97,1,2,19,55906,15.53,55906,15.53,1,9,23619,6.56,4,0.4444,Killed by wildfire explosion at Blackwater Bay,T29,Burns of multiple body regions,Y36.6,"War operations involving fires, conflagrations and hot substances",Y92.82,Large area of water,2,1,2,,,,,,
210,Davos Seaworth,1,7,2,2,1,2,2,11,32288,8.97,0,,,,,230800,64.11,7,63,198513,55.14,42,4.6667,,,,,,,,,,,,,,,,
211,Selyse Baratheon,2,2,1,1,8,1,2,11,32290,8.97,1,5,50,148773,41.33,148773,41.33,4,40,116484,32.36,11,1.1000,Committed suicide by hanging herself from a tree in the forest near Winterfell,T71,Asphyxiation,X70.0,Intentional self-harm by hanging,Y92.84,Forest,2,1,1,,,,,,
212,Stannis Baratheon,1,2,1,1,8,1,2,11,32297,8.97,1,5,50,149498,41.53,149498,41.53,4,40,117202,32.56,24,2.4000,Beheaded by Brienne of Tarth in the forest near Winterfell,S18,Traumatic amputation at neck level,Y35.5,Legal execution,Y92.84,Forest,2,1,1,,,,,,
213,Alton Lannister,1,9,2,1,4,1,2,11,33149,9.21,1,2,17,50822,14.12,50822,14.12,1,7,17674,4.91,3,0.4286,Bludgeoned to death (head) by Jamie Lannister at a campsite in the Westerlands,S06,Intracranial injury,Y36.4,War operations involving firearm discharge and other forms of conventional warfare,Y92.86,Other specified countryside,2,1,2,,,,,,
214,Marei,2,9,2,2,8,1,2,11,33619,9.34,0,,,,,230800,64.11,7,63,197182,54.77,8,0.8889,,,,,,,,,,,,,,,,
215,Daisy,2,9,2,2,8,1,2,11,33621,9.34,0,,,,,230800,64.11,7,63,197180,54.77,3,0.3333,,,,,,,,,,,,,,,,
216,Podrick Payne,1,9,2,2,1,2,2,12,35281,9.80,0,,,,,230800,64.11,7,62,195520,54.31,35,3.9516,,,,,,,,,,,,,,,,
217,Yara Greyjoy,2,5,2,1,5,2,2,12,35809,9.95,0,,,,,230800,64.11,7,62,194992,54.16,16,1.8065,,,,,,,,,,,,,,,,
218,Balon Greyjoy,1,5,1,1,5,1,2,12,35914,9.98,1,6,52,157022,43.62,157022,43.62,5,41,121109,33.64,4,0.4878,Thrown from a suspension bridge at Pyke by his brother Euron Greyjoy,T04,Crushing injuries involving multiple body regions,Y01,Assault by pushing from high place,Y92.0,Home,2,1,2,,,,,,
219,Salladhor Saan,1,9,2,2,8,1,2,12,36170,10.05,0,,,,,230800,64.11,7,62,194631,54.06,3,0.3387,,,,,,,,,,,,,,,,
220,Brienne of Tarth,2,3,2,1,1,2,2,13,37518,10.42,0,,,,,230800,64.11,7,61,193283,53.69,42,4.8197,,,,,,,,,,,,,,,,
221,Margaery Tyrell,2,3,1,1,8,1,2,13,37522,10.42,1,6,60,179691,49.91,179691,49.91,5,48,142170,39.49,26,2.7083,Burned alive in a wildfire explosion in the Great Sept of Baelor,T29,Burns of multiple body regions,X97,"Assault by smoke, fire and flames",Y92.29,Other specified institution and public administrative area,1,1,1,,,,,,
222,Polliver,1,9,2,2,4,1,2,13,39701,11.03,1,4,31,94709,26.31,94709,26.31,3,19,55009,15.28,3,0.4737,Stabbed in the throat by Arya Stark inside a tavern,S11,Open wound of neck,X99.0,Assault by knife,Y92.5,Trade and service area,1,1,1,,,,,,
223,Amory Lorch,1,9,2,2,4,1,2,13,39702,11.03,1,2,18,53806,14.95,53806,14.95,1,6,14105,3.92,4,0.6667,Killed by dart tipped with poison (Wolfsbane) by Jaqen H'ghar at Harrenhal caste grounds,T65,Toxic effect of other and unspecified substances,X85,"Assault by drugs, medicaments and biological substances",Y92.0,Home,2,1,1,,,,,,
224,Rennick,1,9,2,2,4,1,2,14,39965,11.10,1,2,14,40071,11.13,40071,11.13,1,1,107,0.03,1,1.0000,Mauled by a direwolf in a field near Oxcross,T14,Injury of unspecified body region,W55,Bitten or struck by other mammal,Y92.86,Other specified countryside,2,1,2,,,,,,
225,Roose Bolton,1,4,1,1,6,2,2,14,40094,11.14,1,6,52,156361,43.43,156361,43.43,5,39,116268,32.30,19,2.4359,Stabbed in the chest by his son Ramsay Bolton at Winterfell,S21,Open wound of chest,X99.0,Assault by knife,Y92.0,Home,1,1,1,,,,,,
226,Talisa Maegyr,2,9,1,2,1,1,2,14,40146,11.15,1,3,29,87976,24.44,87976,24.44,2,16,47831,13.29,11,1.3750,Stabbed repeatedly in the stomach by Lothar Frey in the wedding hall at The Twins,S31,"Open wound of abdomen, lower back and pelvis",X99.0,Assault by knife,Y92.0,Home,1,1,2,,,,,,
227,Tickler,1,9,2,2,8,1,2,14,41443,11.51,1,2,15,45661,12.68,45661,12.68,1,2,4219,1.17,2,1.0000,Thrown from a castle wall by Jaqen H'ghar at Harrenhal (broken neck),S12,Fracture of neck,Y01,Assault by pushing from high place,Y92.0,Home,2,1,1,,,,,,
228,Silk King,1,9,1,2,8,1,2,14,41715,11.59,1,2,17,51045,14.18,51045,14.18,1,4,9331,2.59,3,0.7500,Throat slit by Pyat Pree in the ruling council chamber in Qarth,S11,Open wound of neck,X99.0,Assault by knife,Y92.29,Other specified institution and public administrative area,1,2,1,,,,,,
229,Spice King,1,9,1,2,8,1,2,14,41715,11.59,1,2,17,51045,14.18,51045,14.18,1,4,9331,2.59,3,0.7500,Throat slit by Pyat Pree in the ruling council chamber in Qarth,S11,Open wound of neck,X99.0,Assault by knife,Y92.29,Other specified institution and public administrative area,1,2,1,,,,,,
230,Xaro Xhoan Daxos,1,9,1,2,8,1,2,14,41715,11.59,1,2,20,60783,16.88,60783,16.88,1,7,19069,5.30,5,0.7143,Locked inside his vault in Qarth and left to die with Doreah,T74,Maltreatment syndromes,Y07,Other maltreatment syndromes,Y92.0,Home,1,2,1,,,,,,
231,Pyat Pree,1,9,1,2,8,1,2,14,41715,11.59,1,2,20,60424,16.78,60424,16.78,1,7,18710,5.20,4,0.5714,Burned alive by Daenerys Targaryen's dragons in the House of the Undying in Qarth,T29,Burns of multiple body regions,X97,"Assault by smoke, fire and flames",Y92.88,Other specified place of occurrence,1,2,1,,,,,,
232,Lorren,1,5,2,2,5,1,2,15,43583,12.11,1,2,20,60924,16.92,60924,16.92,1,6,17342,4.82,4,0.6667,Flayed alive by Ramsay Snow,T01,Open wounds involving multiple body regions,X99.0,Assault by knife,Y92.9,Unspecified place of occurrence,9,1,9,,,,,,
233,Dagmer Cleftjaw,1,5,2,2,5,1,2,15,43686,12.14,1,2,20,60924,16.92,60924,16.92,1,6,17239,4.79,5,0.8333,Flayed alive by Ramsay Snow,T01,Open wounds involving multiple body regions,X99.0,Assault by knife,Y92.9,Unspecified place of occurrence,9,1,9,,,,,,
234,Reginald Lannister,1,3,2,2,8,1,2,15,43767,12.16,0,,,,,230800,64.11,7,59,187034,51.95,1,0.1186,,,,,,,,,,,,,,,,
235,Hallyne,1,9,2,2,4,2,2,15,44257,12.29,0,,,,,230800,64.11,7,59,186544,51.82,2,0.2373,,,,,,,,,,,,,,,,
236,Malakho,1,1,2,2,2,2,2,15,44563,12.38,0,,,,,230800,64.11,7,59,186238,51.73,6,0.7119,,,,,,,,,,,,,,,,
237,Quaithe,2,9,2,2,9,1,2,15,44703,12.42,0,,,,,230800,64.11,7,59,186098,51.69,2,0.2373,,,,,,,,,,,,,,,,
238,Qhorin Halfhand,1,9,2,2,3,1,2,15,45247,12.57,1,2,20,60552,16.82,60552,16.82,1,6,15306,4.25,4,0.6667,Stabbed in the torso by Jon Snow in the mountains beyond The Wall,S21,Open wound of chest,X99.0,Assault by knife,Y92.86,Other specified countryside,2,1,1,,,,,,
239,Farlen,1,9,2,2,1,1,2,16,45836,12.73,1,2,20,61044,16.96,61044,16.96,1,5,15209,4.22,2,0.4000,Killed during the Sack of Winterfell,T14,Injury of unspecified body region,Y36.4,War operations involving firearm discharge and other forms of conventional warfare,Y92.0,Home,9,1,9,,,,,,
240,Palla,2,9,9,2,1,1,2,16,45836,12.73,1,2,20,61044,16.96,61044,16.96,1,5,15209,4.22,3,0.6000,Killed during the Sack of Winterfell,T14,Injury of unspecified body region,Y36.4,War operations involving firearm discharge and other forms of conventional warfare,Y92.0,Home,9,1,9,,,,,,
241,Ygritte,2,9,2,2,8,1,2,16,46634,12.95,1,4,39,117538,32.65,117538,32.65,3,24,70905,19.70,16,2.0000,Shot in the chest with an arrow by Olly at Castle Black,S21,Open wound of chest,Y36.4,War operations involving firearm discharge and other forms of conventional warfare,Y92.12,Military camp,2,1,2,,,,,,
242,Quent,1,9,2,2,1,1,2,16,47875,13.30,1,3,29,88000,24.44,88000,24.44,2,14,40126,11.15,2,0.2857,Presumed killed prior to or during the Red Wedding at The Twins,T14,Injury of unspecified body region,Y09,Assault by unspecified means,Y92.9,Unspecified place of occurrence,9,1,9,,,,,,
243,Drennan,1,5,2,2,5,1,2,16,48484,13.47,1,2,18,54466,15.13,54466,15.13,1,3,5983,1.66,2,0.6667,Throat slit by Osha at Winterfell castle grounds,S11,Open wound of neck,X99.0,Assault by knife,Y92.0,Home,2,1,2,,,,,,
244,Jacks,1,4,2,2,1,1,2,16,48539,13.48,1,3,29,88000,24.44,88000,24.44,2,14,39462,10.96,2,0.2857,Presumed killed prior to or during the Red Wedding at The Twins,T14,Injury of unspecified body region,Y09,Assault by unspecified means,Y92.9,Unspecified place of occurrence,9,1,9,,,,,,
245,Torrhen Karstark,1,9,2,1,1,1,2,17,49638,13.79,1,2,17,50850,14.13,50850,14.13,1,1,1213,0.34,1,1.0000,Strangled to death by Jamie Lannister at a campsite near Oxcross,T71,Asphyxiation,Y36.4,War operations involving firearm discharge and other forms of conventional warfare,Y92.86,Other specified countryside,2,1,2,,,,,,
246,Bernadette,2,9,2,2,4,1,2,17,50236,13.95,0,,,,,230800,64.11,7,57,180565,50.16,6,0.7368,,,,,,,,,,,,,,,,
247,Lord of Bones,1,9,2,2,8,1,2,18,51919,14.42,1,5,48,144373,40.10,144373,40.10,4,31,92455,25.68,4,0.5161,Beaten to death with his own staff by Tormund at the shore of Hardhome,T01,Open wounds involving multiple body regions,Y00,Assault by blunt object,Y92.83,Beach,2,1,1,,,,,,
248,Aggar,1,5,2,1,5,1,2,20,58994,16.39,1,2,20,60924,16.92,60924,16.92,1,1,1931,0.54,1,1.0000,Flayed alive by Ramsay Snow,T01,Open wounds involving multiple body regions,X99.0,Assault by knife,Y92.9,Unspecified place of occurrence,9,1,9,,,,,,
249,Gelmarr,1,5,2,2,5,1,2,20,58994,16.39,1,2,20,60924,16.92,60924,16.92,1,1,1931,0.54,1,1.0000,Flayed alive by Ramsay Snow,T01,Open wounds involving multiple body regions,X99.0,Assault by knife,Y92.9,Unspecified place of occurrence,9,1,9,,,,,,
250,Urzen,1,5,2,2,5,1,2,20,58994,16.39,1,2,20,60924,16.92,60924,16.92,1,1,1931,0.54,1,1.0000,Flayed alive by Ramsay Snow at Winterfell,T01,Open wounds involving multiple body regions,X99.0,Assault by knife,Y92.0,Home,9,1,9,,,,,,
251,Wex,1,5,2,2,5,1,2,20,58994,16.39,1,2,20,61014,16.95,61014,16.95,1,1,2021,0.56,1,1.0000,Flayed alive by Ramsay Snow at Winterfell,T01,Open wounds involving multiple body regions,X99.0,Assault by knife,Y92.0,Home,9,1,9,,,,,,
252,Stygg,1,5,2,2,5,1,2,20,58994,16.39,1,2,20,61014,16.95,61014,16.95,1,1,2021,0.56,1,1.0000,Flayed alive by Ramsay Snow,T01,Open wounds involving multiple body regions,X99.0,Assault by knife,Y92.9,Unspecified place of occurrence,9,1,9,,,,,,
253,Tormund Giantsbane,1,9,2,2,8,2,3,21,61428,17.06,0,,,,,230800,64.11,6,53,169373,47.05,33,3.7358,,,,,,,,,,,,,,,,
254,Mance Rayder,1,9,2,2,8,1,3,21,61429,17.06,1,5,41,124324,34.53,124324,34.53,3,21,62896,17.47,5,0.7143,Shot with an arrow in chest by Jon Snow before being burned alive at Castle Black (mercy killing),S21,Open wound of chest,X99.8,Assault by other specified sharp object,Y92.12,Military camp,2,1,2,,,,,,
255,Qyburn,1,9,1,1,4,2,3,21,62496,17.36,1,8,72,225160,62.54,225160,62.54,6,52,162665,45.18,22,2.5385,Head smashed on a rock by Gregor Clegane during the Battle of King's Landing,S06,Intracranial injury,Y04,Assault by bodily force,Y92.0,Home,1,1,1,,,,,,
256,Missandei,2,9,2,2,2,2,3,21,63635,17.68,1,8,71,221759,61.60,221759,61.60,6,51,158125,43.92,38,4.4706,Decapitated by Gregor Clegane on the orders of Cersei Lannister,S18,Traumatic amputation at neck level,X99.0,Assault by knife,Y92.12,Military camp,2,1,1,,,,,,
257,Kranzys mo Nakloz,1,9,1,1,8,1,3,21,63635,17.68,1,3,24,72821,20.23,72821,20.23,1,4,9187,2.55,3,0.7500,Burnt to death by dragon at plaza at Astapor,T29,Burns of multiple body regions,X97,"Assault by smoke, fire and flames",Y92.88,Other specified place of occurrence,2,2,1,,,,,,
258,Jojen Reed,1,4,9,1,1,1,3,22,64113,17.81,1,4,40,119918,33.31,119918,33.31,2,19,55806,15.50,10,1.0526,Stabbed multiple times by a wight and throat cut by his sister Meera Reed (mercy killing) outside the cave of the Three-Eyed Raven beyond The Wall,S11,Open wound of neck,X99.0,Assault by knife,Y92.86,Other specified countryside,2,1,1,,,,,,
259,Master Torturer,1,9,2,2,6,1,3,22,64302,17.86,1,3,23,69679,19.36,69679,19.36,1,2,5378,1.49,2,1.0000,Shot with arrows in chest by Ramsay Snow in the forest near the Dreadfort,S21,Open wound of chest,X99.8,Assault by other specified sharp object,Y92.84,Forest,2,1,1,,,,,,
260,Orell,1,9,2,2,8,1,3,22,65373,18.16,1,3,29,86742,24.10,86742,24.10,1,8,21370,5.94,6,0.7500,Stabbed by Jon Snow in the abdomen outside the old tower at Queenscrown,S31,"Open wound of abdomen, lower back and pelvis",X99.0,Assault by knife,Y92.88,Other specified place of occurrence,2,1,1,,,,,,
261,Meera Reed,2,4,9,1,1,1,3,22,65656,18.24,0,,,,,230800,64.11,6,52,165145,45.87,16,1.8462,,,,,,,,,,,,,,,,
262,Thoros of Myr,1,2,1,2,8,2,3,22,65788,18.27,1,6,66,200318,55.64,200318,55.64,4,45,134531,37.37,10,0.8889,"Mauled by a wight bear, then froze to death during the night next to frozen lake in the mountains beyond The Wall",T01,Open wounds involving multiple body regions,W55,Bitten or struck by other mammal,Y92.83,Beach,2,1,2,,,,,,
263,Anguy,1,2,2,2,8,1,3,22,65788,18.27,0,,,,,230800,64.11,6,52,165013,45.84,6,0.6923,,,,,,,,,,,,,,,,
264,Ramsay Bolton,1,4,1,2,6,1,3,22,66534,18.48,1,6,59,178774,49.66,178774,49.66,4,38,112241,31.18,20,2.1053,Executed by being fed to his own dogs by Sansa Stark in the kennel at Winterfell,T01,Open wounds involving multiple body regions,W54,Bitten or struck by dog,Y92.0,Home,1,1,2,,,,,,
265,Locke,1,9,2,2,6,1,3,22,67097,18.64,1,4,35,106289,29.52,106289,29.52,2,14,39193,10.89,8,1.1429,Neck broken by Bran Stark who had warged into Hodor in the forest near Craster's Keep,S12,Fracture of neck,Y04,Assault by bodily force,Y92.84,Forest,2,1,2,,,,,,
266,Brynden Tully,1,9,2,1,8,1,3,23,67185,18.66,1,6,58,174632,48.51,174632,48.51,4,36,107448,29.85,7,0.7778,Killed while fighting Lannister and Frey soldiers,T14,Injury of unspecified body region,Y36.4,War operations involving firearm discharge and other forms of conventional warfare,Y92.9,Unspecified place of occurrence,9,1,2,,,,,,
267,Edmure Tully,1,9,2,1,1,2,3,23,67192,18.66,0,,,,,230800,64.11,6,51,163609,45.45,9,1.0588,,,,,,,,,,,,,,,,
268,Olenna Tyrell,2,9,1,1,2,2,3,23,67901,18.86,1,7,63,192367,53.44,192367,53.44,5,41,124467,34.57,18,2.1951,Drank poison provided by Jaime Lannister at Highgarden,T65,Toxic effect of other and unspecified substances,X64,"Intentional self-poisoning by and exposure to other unspecified drugs, medicaments and biological substances",Y92.0,Home,1,1,1,,,,,,
269,Martyn Lannister,1,9,2,1,4,1,3,23,68092,18.91,1,3,25,74090,20.58,74090,20.58,1,3,5999,1.67,2,0.6667,Stabbed in the thorax by Rickard Karstark at Riverrun,S21,Open wound of chest,X99.0,Assault by knife,Y92.0,Home,1,1,1,,,,,,
270,Willem Lannister,1,9,2,1,4,1,3,23,68092,18.91,1,3,25,74097,20.58,74097,20.58,1,3,6006,1.67,2,0.6667,Stabbed to death by Rickard Karstark and his men at Riverrun,S21,Open wound of chest,X99.0,Assault by knife,Y92.0,Home,1,1,1,,,,,,
271,Karl Tanner,1,9,2,2,3,1,3,23,68288,18.97,1,4,35,106481,29.58,106481,29.58,2,13,38194,10.61,4,0.6154,Impaled through the back of the head with sword by Jon Snow at Craster's Keep,S06,Intracranial injury,X99.0,Assault by knife,Y92.0,Home,1,1,2,,,,,,
272,Little Sam,1,9,9,2,8,1,3,23,68508,19.03,0,,,,,230800,64.11,6,51,162293,45.08,17,2.0000,,,,,,,,,,,,,,,,
273,Greizhen mo Ullhor,1,9,1,2,8,1,3,23,68865,19.13,1,3,24,72979,20.27,72979,20.27,1,2,4115,1.14,2,1.0000,Killed by the Unsullied on the orders of Daenerys Targaryen at plaza at Astapor,T14,Injury of unspecified body region,X99.0,Assault by knife,Y92.88,Other specified place of occurrence,2,2,1,,,,,,
274,Genna ,2,9,2,2,8,1,3,23,69274,19.24,0,,,,,230800,64.11,6,51,161527,44.87,1,0.1176,,,,,,,,,,,,,,,,
275,Kayla,2,9,2,2,8,1,3,23,69310,19.25,0,,,,,230800,64.11,6,51,161491,44.86,2,0.2353,,,,,,,,,,,,,,,,
276,Shireen Baratheon,2,9,9,1,8,1,3,25,74756,20.77,1,5,49,147643,41.01,147643,41.01,3,25,72888,20.25,10,1.2000,Burned alive by Melisandre as a sacrifice in field near Winterfell,T29,Burns of multiple body regions,X97,"Assault by smoke, fire and flames",Y92.86,Other specified countryside,2,1,1,,,,,,
277,Grey Worm,1,9,2,2,2,1,3,25,75448,20.96,0,,,,,230800,64.11,6,49,155353,43.15,34,4.1633,,,,,,,,,,,,,,,,
278,Olyvar,1,9,2,2,8,1,3,25,75752,21.04,0,,,,,230800,64.11,6,49,155049,43.07,7,0.8571,,,,,,,,,,,,,,,,
279,Walder Rivers,1,9,2,1,7,1,3,26,77694,21.58,1,6,60,181411,50.39,181411,50.39,4,35,103718,28.81,6,0.6857,Killed and carved into a pie by Arya Stark at The Twins,T14,Injury of unspecified body region,Y09,Assault by unspecified means,Y92.0,Home,9,1,9,,,,,,
280,Lothar Frey,1,9,2,1,7,1,3,26,77694,21.58,1,6,60,181411,50.39,181411,50.39,4,35,103718,28.81,6,0.6857,Killed and carved into a pie by Arya Stark at The Twins,T14,Injury of unspecified body region,Y09,Assault by unspecified means,Y92.0,Home,9,1,9,,,,,,
281,Razdal mo Eraz,1,7,1,1,8,1,3,27,80167,22.27,1,6,59,176028,48.90,176028,48.90,4,33,95862,26.63,3,0.3636,Throat slit with a knife by Grey Worm at the cliffs of Meereen,S11,Open wound of neck,Y36.4,War operations involving firearm discharge and other forms of conventional warfare,Y92.88,Other specified place of occurrence,2,2,1,,,,,,
282,Violet,2,9,2,2,6,1,3,27,80979,22.49,1,3,27,81997,22.78,81997,22.78,1,1,1019,0.28,1,1.0000,Killed by Ramsay Bolton at Winterfell (not shown),T14,Injury of unspecified body region,Y09,Assault by unspecified means,Y92.0,Home,9,1,9,,,,,,
283,Myranda,2,3,9,2,6,1,3,27,80979,22.49,1,5,50,149651,41.57,149651,41.57,3,24,68673,19.08,8,1.0000,Thrown from a rampart by Theon Greyjoy at Winterfell castle grounds,S06,Intracranial injury,Y01,Assault by pushing from high place,Y92.0,Home,2,1,1,,,,,,
284,Steelshanks,1,9,2,2,6,1,3,27,81779,22.72,1,6,59,178657,49.63,178657,49.63,4,33,96879,26.91,4,0.4848,Presumed killed prior to or during the Battle of Bastards,T14,Injury of unspecified body region,Y36.4,War operations involving firearm discharge and other forms of conventional warfare,Y92.9,Unspecified place of occurrence,9,1,9,,,,,,
285,Prendahl na Ghezn,1,9,2,2,8,1,3,28,82475,22.91,1,3,28,84757,23.54,84757,23.54,1,1,2283,0.63,1,1.0000,Beheaded by Daario Naharis at Yunkai,S18,Traumatic amputation at neck level,X99.0,Assault by knife,Y92.9,Unspecified place of occurrence,9,2,9,,,,,,
286,Mero,1,9,2,2,8,1,3,28,82475,22.91,1,3,28,84757,23.54,84757,23.54,1,1,2283,0.63,1,1.0000,Beheaded by Daario Naharis at Yunkai,S18,Traumatic amputation at neck level,X99.0,Assault by knife,Y92.9,Unspecified place of occurrence,9,2,9,,,,,,
287,Daario Naharis,1,9,2,2,2,2,3,28,82475,22.91,0,,,,,230800,64.11,6,46,148326,41.20,21,2.7391,,,,,,,,,,,,,,,,
288,High Septon 2,1,3,1,2,8,1,3,28,83486,23.19,0,,,,,230800,64.11,6,46,147315,40.92,6,0.7826,,,,,,,,,,,,,,,,
289,Walda Frey/Bolton,2,9,9,2,6,1,3,29,85480,23.74,1,6,52,156597,43.50,156597,43.50,4,24,71118,19.76,5,0.8333,Mauled to death by Ramsay Bolton's hunting dogs in the Winterfell kennel,T01,Open wounds involving multiple body regions,W54,Bitten or struck by dog,Y92.0,Home,1,1,1,,,,,,
290,Freya Frey,2,9,9,1,7,1,3,29,85480,23.74,0,,,,,230800,64.11,6,45,145321,40.37,1,0.1333,,,,,,,,,,,,,,,,
291,Derwa Frey,2,9,9,1,7,1,3,29,85480,23.74,0,,,,,230800,64.11,6,45,145321,40.37,1,0.1333,,,,,,,,,,,,,,,,
292,Janeya Frey ,2,9,9,1,7,1,3,29,85480,23.74,0,,,,,230800,64.11,6,45,145321,40.37,1,0.1333,,,,,,,,,,,,,,,,
293,Marianne Frey,2,9,9,1,7,1,3,29,85480,23.74,0,,,,,230800,64.11,6,45,145321,40.37,3,0.4000,,,,,,,,,,,,,,,,
294,Merry Frey,2,9,9,1,7,1,3,29,85480,23.74,0,,,,,230800,64.11,6,45,145321,40.37,3,0.4000,,,,,,,,,,,,,,,,
295,Neyela Frey,2,9,9,1,7,1,3,29,85480,23.74,0,,,,,230800,64.11,6,45,145321,40.37,1,0.1333,,,,,,,,,,,,,,,,
296,Sarra Frey,2,9,9,1,7,1,3,29,85480,23.74,0,,,,,230800,64.11,6,45,145321,40.37,1,0.1333,,,,,,,,,,,,,,,,
297,Shirei Frey,2,9,9,1,7,1,3,29,85480,23.74,0,,,,,230800,64.11,6,45,145321,40.37,1,0.1333,,,,,,,,,,,,,,,,
298,Waldra Frey,2,9,9,1,7,1,3,29,85480,23.74,0,,,,,230800,64.11,6,45,145321,40.37,1,0.1333,,,,,,,,,,,,,,,,
299,Roslin Frey,2,9,9,1,7,1,3,29,86939,24.15,0,,,,,230800,64.11,6,45,143862,39.96,1,0.1333,,,,,,,,,,,,,,,,
300,Oberyn Martell,1,3,1,1,8,1,4,31,92010,25.56,1,4,38,115113,31.98,115113,31.98,1,8,23104,6.42,7,0.8750,Skull crushed by Gregor Clegane in Tyrion's (second) trial by combat in a fighting pit at King's Landing,S07,Crushing injury of the head,Y04,Assault by bodily force,Y92.88,Other specified place of occurrence,2,1,1,,,,,,
301,Ellaria Sand,2,9,9,2,8,1,4,31,92032,25.56,0,,,,,230800,64.11,5,43,138769,38.55,13,1.5116,,,,,,,,,,,,,,,,
302,Styr,1,4,2,2,8,1,4,31,93162,25.88,1,4,39,117459,32.63,117459,32.63,1,9,24298,6.75,4,0.4444,Bludgeoned in the head with a forging hammer by Jon Snow at Castle Black,S06,Intracranial injury,Y36.4,War operations involving firearm discharge and other forms of conventional warfare,Y92.12,Military camp,2,1,2,,,,,,
303,Thenn warg,1,4,2,2,8,1,4,31,93187,25.89,1,4,39,117459,32.63,117459,32.63,1,9,24273,6.74,3,0.3333,Shot in the head by Samwell Tarly with a crossbow at Castle Black,S06,Intracranial injury,Y36.4,War operations involving firearm discharge and other forms of conventional warfare,Y92.12,Military camp,2,1,2,,,,,,
304,Tansy,2,9,2,2,6,1,4,32,94791,26.33,1,4,32,94903,26.36,94903,26.36,1,1,113,0.03,1,1.0000,Mauled to death by Ramsay Bolton's hunting dogs in the forest near the Dreadfort,T01,Open wounds involving multiple body regions,W54,Bitten or struck by dog,Y92.84,Forest,2,1,1,,,,,,
305,Mace Tyrell,1,9,1,1,4,1,4,32,95513,26.53,1,6,60,179691,49.91,179691,49.91,3,29,84179,23.38,13,1.3448,Burned alive in a wildfire explosion in the Great Sept of Baelor,T29,Burns of multiple body regions,X97,"Assault by smoke, fire and flames",Y92.29,Other specified institution and public administrative area,1,1,1,,,,,,
306,Axell Florent,1,3,1,1,8,1,4,32,95797,26.61,1,4,32,95812,26.61,95812,26.61,1,1,16,0.00,1,1.0000,Burned at the stake by Melisandre at the beach at Dragonstone,T29,Burns of multiple body regions,X97,"Assault by smoke, fire and flames",Y92.83,Beach,2,1,2,,,,,,
307,Sally,2,3,9,2,9,1,4,33,98569,27.38,1,7,61,184839,51.34,184839,51.34,4,29,86271,23.96,1,0.1379,Throat slit by her father to avoid starvation at a farm house (mercy killing),S11,Open wound of neck,X99.0,Assault by knife,Y92.0,Home,1,1,9,,,,,,
308,Farmer (Sally's Father),1,3,2,2,8,1,4,33,98569,27.38,1,7,61,184839,51.34,184839,51.34,4,29,86271,23.96,1,0.1379,"Suicide with a knife, throat slit, at farm house",S11,Open wound of neck,X78.0,Intentional self-harm by knife,Y92.0,Home,1,1,9,,,,,,
309,Mole's town whore,2,9,2,2,9,1,4,33,99269,27.57,1,4,38,112477,31.24,112477,31.24,1,6,13209,3.67,2,0.3333,Stabbed in the thorax with a spear by Ygritte inside a brothel in Mole's Town,S21,Open wound of chest,Y36.4,War operations involving firearm discharge and other forms of conventional warfare,Y92.5,Trade and service area,1,1,2,,,,,,
310,Mole's town madam,2,9,2,2,9,1,4,33,99300,27.58,1,4,38,115032,31.95,115032,31.95,1,6,15733,4.37,2,0.3333,Killed during the sacking of Mole's Town,T14,Injury of unspecified body region,Y36.4,War operations involving firearm discharge and other forms of conventional warfare,Y92.9,Unspecified place of occurrence,9,1,9,,,,,,
311,Guymon,1,9,2,2,9,1,4,33,100055,27.79,1,4,33,100065,27.80,100065,27.80,1,1,11,0.00,1,1.0000,Shot in the back/head with an arrow by Ygritte home on the farm,S06,Intracranial injury,Y36.4,War operations involving firearm discharge and other forms of conventional warfare,Y92.0,Home,2,1,1,,,,,,
312,Olly,1,9,2,2,3,1,4,33,100056,27.79,1,6,53,160398,44.56,160398,44.56,3,21,60343,16.76,17,2.4286,Excuted by hanging by Jon Snow at Castle Black,T71,Asphyxiation,Y35.5,Legal execution,Y92.12,Military camp,2,1,1,,,,,,
313,Othell Yarwyck,1,9,2,2,3,1,4,33,100170,27.83,1,6,53,160398,44.56,160398,44.56,3,21,60229,16.73,14,2.0000,Excuted by hanging by Jon Snow at Castle Black,T71,Asphyxiation,Y35.5,Legal execution,Y92.12,Military camp,1,1,1,,,,,,
314,Great master 2,1,9,1,1,8,1,4,33,100368,27.88,1,4,34,103680,28.80,103680,28.80,1,2,3313,0.92,1,0.5000,Crucified on the orders of Daenerys Targaryen in the streets of Meereen,T74,Maltreatment syndromes,Y07,Other maltreatment syndromes,Y92.4,Street and highway,2,2,9,,,,,,
315,Hizdahr zo Loraq,1,7,1,1,2,2,4,33,100368,27.88,1,5,49,148304,41.20,148304,41.20,2,17,47937,13.32,8,0.9412,Stabbed repeatedly in the chest by the Sons of the Harpy in the figthing pit in Meereen,S21,Open wound of chest,Y36.4,War operations involving firearm discharge and other forms of conventional warfare,Y92.88,Other specified place of occurrence,2,2,1,,,,,,
316,Oznak zo Pahl,1,9,2,2,8,1,4,33,100397,27.89,1,4,33,100646,27.96,100646,27.96,1,1,250,0.07,1,1.0000,Slashed in the neck by Daario Naharis at the gates of Meereen,S11,Open wound of neck,Y36.4,War operations involving firearm discharge and other forms of conventional warfare,Y92.88,Other specified place of occurrence,2,2,1,,,,,,
317,Great master 3,1,9,1,1,8,1,4,33,100441,27.90,0,,,,,230800,64.11,5,41,130360,36.21,1,0.1220,,,,,,,,,,,,,,,,
318,Great master 1,1,9,1,1,8,1,4,33,100756,27.99,1,4,34,101121,28.09,101121,28.09,1,2,366,0.10,2,1.0000,Stabbed to death by uprising slaves in the streets of Meereen,T01,Open wounds involving multiple body regions,Y36.4,War operations involving firearm discharge and other forms of conventional warfare,Y92.4,Street and highway,2,2,1,,,,,,
319,Sissy,2,7,9,2,8,1,4,34,102958,28.60,0,,,,,230800,64.11,5,40,127843,35.51,2,0.2500,,,,,,,,,,,,,,,,
320,Morag,2,7,9,2,8,1,4,34,103089,28.64,0,,,,,230800,64.11,5,40,127712,35.48,2,0.2500,,,,,,,,,,,,,,,,
321,Donnel Waynwood,1,9,2,1,8,1,4,35,104328,28.98,0,,,,,230800,64.11,5,39,126473,35.13,2,0.2564,,,,,,,,,,,,,,,,
322,Tycho Nestoris,1,9,1,2,8,1,4,36,106793,29.66,0,,,,,230800,64.11,5,38,124008,34.45,4,0.5263,,,,,,,,,,,,,,,,
323,Lhara,2,9,2,2,9,1,4,36,107038,29.73,0,,,,,230800,64.11,5,38,123763,34.38,3,0.3947,,,,,,,,,,,,,,,,
324,Goatherd,1,9,2,2,9,1,4,36,107691,29.91,0,,,,,230800,64.11,5,38,123110,34.20,1,0.1316,,,,,,,,,,,,,,,,
325,Goatherd's son,1,9,2,2,9,1,4,36,107808,29.95,0,,,,,230800,64.11,5,38,122993,34.16,1,0.1316,,,,,,,,,,,,,,,,
326,Adrack Humble,1,5,2,2,5,1,4,38,113025,31.40,1,4,38,113189,31.44,113189,31.44,1,1,165,0.05,1,1.0000,Flayed alive by Ramsay Bolton at Moat Cailin,T01,Open wounds involving multiple body regions,Y36.4,War operations involving firearm discharge and other forms of conventional warfare,Y92.12,Military camp,1,1,1,,,,,,
327,Ralf Kenning,1,5,2,2,5,1,4,38,113025,31.40,1,4,38,113160,31.43,113160,31.43,1,1,136,0.04,1,1.0000,Bludgeoned with an axe to the skull by Adrack Humble at Moat Cailin,S06,Intracranial injury,Y36.4,War operations involving firearm discharge and other forms of conventional warfare,Y92.12,Military camp,1,1,1,,,,,,
328,Vance Corbray,1,9,2,1,8,1,4,38,113247,31.46,0,,,,,230800,64.11,5,36,117554,32.65,1,0.1389,,,,,,,,,,,,,,,,
329,Yohn Royce,1,9,1,1,1,1,4,38,113247,31.46,0,,,,,230800,64.11,5,36,117554,32.65,13,1.8056,,,,,,,,,,,,,,,,
330,Anya Waynwood,2,9,1,1,8,1,4,38,113247,31.46,0,,,,,230800,64.11,5,36,117554,32.65,1,0.1389,,,,,,,,,,,,,,,,
331,Cooper,1,9,2,2,3,1,4,39,116897,32.47,1,4,39,117783,32.72,117783,32.72,1,1,887,0.25,1,1.0000,Killed by wildling giant in Castle Black tunnel,T14,Injury of unspecified body region,Y36.4,War operations involving firearm discharge and other forms of conventional warfare,Y92.12,Military camp,1,1,2,,,,,,
332,Donnel Hill,1,9,2,1,3,1,4,39,116897,32.47,1,4,39,117783,32.72,117783,32.72,1,1,887,0.25,1,1.0000,Killed by wildling giant in Castle Black tunnel,T14,Injury of unspecified body region,Y36.4,War operations involving firearm discharge and other forms of conventional warfare,Y92.12,Military camp,1,1,2,,,,,,
333,Fennesz,1,9,2,2,8,1,4,40,118994,33.05,0,,,,,230800,64.11,5,34,111807,31.06,1,0.1471,,,,,,,,,,,,,,,,
334,Three-Eyed Raven,1,4,2,2,8,1,4,40,120063,33.35,1,6,55,166569,46.27,166569,46.27,3,16,46507,12.92,4,0.7500,Slain in half by the Night King in a cave beyond The Wall,T05,Traumatic amputations involving multiple body regions,X99.0,Assault by knife,Y92.86,Other specified countryside,1,1,2,,,,,,
335,Ternesio Terys,1,9,2,2,9,1,4,40,121382,33.72,0,,,,,230800,64.11,5,34,109419,30.39,2,0.2941,,,,,,,,,,,,,,,,
336,White Rat,1,9,2,2,2,1,5,41,122173,33.94,1,5,41,122289,33.97,122289,33.97,1,1,117,0.03,1,1.0000,Throat slit by a Sons of the Harpy assassin inside a brothel in Meereen,S11,Open wound of neck,X99.0,Assault by knife,Y92.5,Trade and service area,1,2,1,,,,,,
337,Vala,2,9,2,2,8,1,5,41,122196,33.94,0,,,,,230800,64.11,4,33,108605,30.17,3,0.3636,,,,,,,,,,,,,,,,
338,Mossador,1,9,2,2,2,2,5,41,122303,33.97,1,5,42,127170,35.33,127170,35.33,1,2,4868,1.35,2,1.0000,Beheaded by Daario Naharis in public square in Meereen,S18,Traumatic amputation at neck level,Y35.5,Legal execution,Y92.88,Other specified place of occurrence,2,2,1,,,,,,
339,Samwell Stone,1,9,2,2,8,1,5,41,122713,34.09,0,,,,,230800,64.11,4,33,108088,30.02,1,0.1212,,,,,,,,,,,,,,,,
340,Helliweg,1,9,1,2,8,1,5,41,122715,34.09,0,,,,,230800,64.11,4,33,108086,30.02,1,0.1212,,,,,,,,,,,,,,,,
341,Bowen Marsh,1,9,2,2,3,1,5,41,124056,34.46,1,6,53,160398,44.56,160398,44.56,2,13,36343,10.10,10,1.5385,Executed by hanging by Jon Snow for treason at Castle Black,T71,Asphyxiation,Y35.5,Legal execution,Y92.12,Military camp,2,1,1,,,,,,
342,Lollys Stokeworth,2,9,9,1,8,1,5,42,125229,34.79,0,,,,,230800,64.11,4,32,105572,29.33,1,0.1250,,,,,,,,,,,,,,,,
343,Trystane Martell,1,9,1,1,8,1,5,42,125421,34.84,1,6,51,153542,42.65,153542,42.65,2,10,28122,7.81,5,1.0000,Stabbed through the back of the head with a spear by Obara Sand inside ship's cabin at Blackwater Bay,S06,Intracranial injury,Y36.4,War operations involving firearm discharge and other forms of conventional warfare,Y92.82,Large area of water,1,1,1,,,,,,
344,Areo Hotah,1,9,2,2,8,1,5,42,125435,34.84,1,6,51,153439,42.62,153439,42.62,2,10,28005,7.78,6,1.2000,Stabbed in the back with a dagger by Tyene Sand at Water Gardens castle grounds,S21,Open wound of chest,X99.0,Assault by knife,Y92.0,Home,2,1,1,,,,,,
345,Doran Martell,1,9,1,1,8,1,5,42,125436,34.84,1,6,51,153491,42.64,153491,42.64,2,10,28056,7.79,5,1.0000,Stabbed in the chest with a dagger by Ellaria Sand at Water Gardens castle grounds,S21,Open wound of chest,X99.0,Assault by knife,Y92.0,Home,2,1,1,,,,,,
346,Son of the Harpy,1,9,2,2,8,1,5,42,125625,34.90,1,5,42,126905,35.25,126905,35.25,1,1,1281,0.36,1,1.0000,"Knives in the chest, murdered by Mossodor whilst being a prisoner in Meereen",S21,Open wound of chest,X99.0,Assault by knife,Y92.10,Prison,1,2,1,,,,,,
347,Denys Mallister,1,9,2,2,3,1,5,42,126495,35.14,0,,,,,230800,64.11,4,32,104306,28.97,1,0.1250,,,,,,,,,,,,,,,,
348,Waif,2,6,2,2,8,1,5,43,127394,35.39,1,6,58,175478,48.74,175478,48.74,2,16,48085,13.36,11,1.3750,Stabbed by Ayra Stark in a room in Braavos,T14,Injury of unspecified body region,X99.0,Assault by knife,Y92.9,Unspecified place of occurrence,1,2,1,,,,,,
349,High Sparrow,1,3,1,2,8,1,5,43,129831,36.06,1,6,60,179691,49.91,179691,49.91,2,18,49861,13.85,12,1.3333,Burned alive in a wildfire explosion in the Great Sept of Baelor,T29,Burns of multiple body regions,X97,"Assault by smoke, fire and flames",Y92.29,Other specified institution and public administrative area,1,1,1,,,,,,
350,Red Priestess 1,2,2,1,2,9,1,5,43,130342,36.21,0,,,,,230800,64.11,4,31,100459,27.91,1,0.1290,,,,,,,,,,,,,,,,
351,Clea,2,9,2,2,9,1,5,43,130506,36.25,0,,,,,230800,64.11,4,31,100295,27.86,1,0.1290,,,,,,,,,,,,,,,,
352,Obara Sand,2,9,2,2,8,1,5,44,132680,36.86,1,7,62,188716,52.42,188716,52.42,3,19,56037,15.57,8,1.2632,Stabbed in the torso with a spear on deck of ship in the Narrow Sea,S21,Open wound of chest,Y36.4,War operations involving firearm discharge and other forms of conventional warfare,Y92.82,Large area of water,2,1,2,,,,,,
353,Nymeria Sand,2,9,2,2,8,1,5,44,132680,36.86,1,7,62,188738,52.43,188738,52.43,3,19,56059,15.57,8,1.2632,Strangled with her own whip by Euron Greyjoy on deck of ship in the Narrow Sea,T71,Asphyxiation,Y36.4,War operations involving firearm discharge and other forms of conventional warfare,Y92.82,Large area of water,2,1,2,,,,,,
354,Tyene Sand,2,9,2,2,8,1,5,44,132680,36.86,1,7,63,190484,52.91,190484,52.91,3,20,57805,16.06,9,1.3500,Poisoned with the Long Farewell by Cersei Lannister in the dungeon at King's Landing,T65,Toxic effect of other and unspecified substances,X85,"Assault by drugs, medicaments and biological substances",Y92.10,Prison,1,1,9,,,,,,
355,Joss,1,6,2,2,9,1,5,46,137021,38.06,0,,,,,230800,64.11,4,28,93780,26.05,1,0.1429,,,,,,,,,,,,,,,,
356,Ghita,2,6,9,2,9,1,5,46,137021,38.06,1,5,46,137195,38.11,137195,38.11,1,1,175,0.05,1,1.0000,Poisoned at the House of Black and White (Many-Faced God) in Braavos,T65,Toxic effect of other and unspecified substances,X85,"Assault by drugs, medicaments and biological substances",Y92.29,Other specified institution and public administrative area,1,2,9,,,,,,
357,Malko,1,9,2,2,9,1,5,46,137523,38.20,0,,,,,230800,64.11,4,28,93278,25.91,2,0.2857,,,,,,,,,,,,,,,,
358,Brant ,1,9,2,2,3,1,5,47,140445,39.01,0,,,,,230800,64.11,4,27,90356,25.10,1,0.1481,,,,,,,,,,,,,,,,
359,Derek,1,9,2,2,3,1,5,47,140445,39.01,0,,,,,230800,64.11,4,27,90356,25.10,1,0.1481,,,,,,,,,,,,,,,,
360,Yezzan zo Qaggaz,1,9,1,2,8,1,5,47,140818,39.12,0,,,,,230800,64.11,4,27,89983,25.00,4,0.5926,,,,,,,,,,,,,,,,
361,Unella,2,3,1,2,8,1,5,47,142576,39.60,0,,,,,230800,64.11,4,27,88225,24.51,8,1.1852,,,,,,,,,,,,,,,,
362,Thin man,1,9,1,2,9,1,5,48,143074,39.74,0,,,,,230800,64.11,4,26,87727,24.37,2,0.3077,,,,,,,,,,,,,,,,
363,Karsi,2,4,2,2,8,1,5,48,144413,40.11,1,5,48,145588,40.44,145588,40.44,1,1,1176,0.33,1,1.0000,Ravaged by pack of wight children at Hardhome,T01,Open wounds involving multiple body regions,Y36.4,War operations involving firearm discharge and other forms of conventional warfare,Y92.83,Beach,2,1,1,,,,,,
364,Loboda,1,4,2,2,8,1,5,48,144417,40.12,1,5,48,145417,40.39,145417,40.39,1,1,1001,0.28,1,1.0000,Stabbed through the torso with a spear by a white walker inside a hut at Hardhome,S21,Open wound of chest,Y36.4,War operations involving firearm discharge and other forms of conventional warfare,Y92.0,Home,1,1,1,,,,,,
365,Dim Dalba,1,4,2,2,8,1,5,48,144430,40.12,1,6,59,178657,49.63,178657,49.63,2,12,34228,9.51,2,0.3333,Presumed killed in the Battle of Bastards in a field near Winterfell,T14,Injury of unspecified body region,Y36.4,War operations involving firearm discharge and other forms of conventional warfare,Y92.86,Other specified countryside,2,1,9,,,,,,
366,Johnna,2,4,9,2,9,1,5,48,144815,40.23,0,,,,,230800,64.11,4,26,85986,23.89,2,0.3077,,,,,,,,,,,,,,,,
367,Willa,2,4,9,2,9,1,5,48,144815,40.23,0,,,,,230800,64.11,4,26,85986,23.89,2,0.3077,,,,,,,,,,,,,,,,
368,Brusco,1,9,2,2,9,1,5,49,146930,40.81,0,,,,,230800,64.11,4,25,83871,23.30,1,0.1600,,,,,,,,,,,,,,,,
369,Brea,2,9,2,2,9,1,5,49,146990,40.83,0,,,,,230800,64.11,4,25,83811,23.28,1,0.1600,,,,,,,,,,,,,,,,
370,Aya,2,9,2,2,9,1,5,49,147070,40.85,0,,,,,230800,64.11,4,25,83731,23.26,1,0.1600,,,,,,,,,,,,,,,,
371,Anara,2,9,2,2,9,1,5,49,147128,40.87,0,,,,,230800,64.11,4,25,83673,23.24,1,0.1600,,,,,,,,,,,,,,,,
372,Simpson,1,9,2,2,6,1,5,50,149353,41.49,1,5,50,149388,41.50,149388,41.50,1,1,36,0.01,1,1.0000,Stabbed in the neck with a dagger by Stannis Baratheon in the forest near Winterfell,S11,Open wound of neck,Y36.4,War operations involving firearm discharge and other forms of conventional warfare,Y92.84,Forest,2,1,1,,,,,,
373,Gordy,1,9,2,2,6,1,5,50,149353,41.49,1,5,50,149387,41.50,149387,41.50,1,1,35,0.01,1,1.0000,Stabbed in stomach with a sword by Stannis Baratheon in the forest near Winterfell,S31,"Open wound of abdomen, lower back and pelvis",Y36.4,War operations involving firearm discharge and other forms of conventional warfare,Y92.84,Forest,2,1,1,,,,,,
374,Scolera,2,3,1,2,8,1,5,50,151136,41.98,1,6,60,179691,49.91,179691,49.91,2,11,28556,7.93,2,0.3636,Burned alive in a wildfire explosion in the Great Sept of Baelor,T29,Burns of multiple body regions,X97,"Assault by smoke, fire and flames",Y92.29,Other specified institution and public administrative area,1,1,1,,,,,,
375,Moelle,2,3,1,2,8,1,5,50,151136,41.98,1,6,60,179693,49.91,179693,49.91,2,11,28558,7.93,1,0.1818,Burned alive in a wildfire explosion in the Great Sept of Baelor,T29,Burns of multiple body regions,X97,"Assault by smoke, fire and flames",Y92.29,Other specified institution and public administrative area,1,1,1,,,,,,
376,Maester Wolkan,1,9,1,2,1,1,6,51,152437,42.34,0,,,,,230800,64.11,3,23,78364,21.77,11,1.4348,,,,,,,,,,,,,,,,
377,Caleotte,1,9,1,2,8,1,6,51,153416,42.62,1,6,51,153443,42.62,153443,42.62,1,1,28,0.01,1,1.0000,Dagger thrown into the neck at Water Gardens castle grounds,S11,Open wound of neck,X99.0,Assault by knife,Y92.0,Home,2,1,1,,,,,,
378,Zanrush,1,2,1,2,8,1,6,51,153669,42.69,0,,,,,230800,64.11,3,23,77132,21.43,2,0.2609,,,,,,,,,,,,,,,,
379,Aggo 2,1,1,2,2,8,1,6,51,153967,42.77,1,6,54,161804,44.95,161804,44.95,1,4,7838,2.18,2,0.5000,"Stabbed in the back with a knife by Daario Naharis, then bludgeoned to death with a rock in the city streets of Vaes Dothrak",T01,Open wounds involving multiple body regions,Y00,Assault by blunt object,Y92.4,Street and highway,2,2,2,,,,,,
380,Qhono,1,1,2,2,2,1,6,51,153967,42.77,1,8,70,216231,60.06,216231,60.06,3,20,62265,17.30,9,1.3500,Killed by during the Battle of Winterfell,T14,Injury of unspecified body region,Y36.4,War operations involving firearm discharge and other forms of conventional warfare,Y92.0,Home,2,1,2,,,,,,
381,Moro,1,1,2,2,8,1,6,51,154090,42.80,1,6,54,163572,45.44,163572,45.44,1,4,9483,2.63,3,0.7500,Burnt to death inside a Dothraki temple in a fire started by Daenerys Targaryen,T29,Burns of multiple body regions,X97,"Assault by smoke, fire and flames",Y92.29,Other specified institution and public administrative area,1,2,2,,,,,,
382,Moro's wife 1,2,1,2,2,8,1,6,51,154102,42.81,0,,,,,230800,64.11,3,23,76699,21.31,1,0.1304,,,,,,,,,,,,,,,,
383,Moro's wife 2,2,1,2,2,8,1,6,51,154102,42.81,0,,,,,230800,64.11,3,23,76699,21.31,2,0.2609,,,,,,,,,,,,,,,,
384,Harald Karstark,1,4,1,1,6,2,6,52,156237,43.40,1,6,59,178779,49.66,178779,49.66,1,8,22543,6.26,3,0.3750,Killed during the Battle of the Bastards,T14,Injury of unspecified body region,Y36.4,War operations involving firearm discharge and other forms of conventional warfare,Y92.9,Unspecified place of occurrence,9,1,9,,,,,,
385,Euron Greyjoy,1,9,1,1,4,2,6,52,157025,43.62,1,8,72,224964,62.49,224964,62.49,3,21,67940,18.87,9,1.2857,Stabbed in the abdomen by Jaime Lannister during the Battle of King's Landing,T01,Open wounds involving multiple body regions,X99.0,Assault by knife,Y92.83,Beach,2,1,1,,,,,,
386,Aeron Greyjoy,1,5,9,1,5,1,6,52,157046,43.62,0,,,,,230800,64.11,3,22,73755,20.49,2,0.2727,,,,,,,,,,,,,,,,
387,High Priestess of the Dosh Khaleen,2,1,1,2,8,1,6,53,158676,44.08,0,,,,,230800,64.11,3,21,72125,20.03,2,0.2857,,,,,,,,,,,,,,,,
388,Ornela,2,1,2,2,2,2,6,53,158715,44.09,0,,,,,230800,64.11,3,21,72086,20.02,2,0.2857,,,,,,,,,,,,,,,,
389,Frances,2,9,2,2,8,2,6,53,159213,44.23,0,,,,,230800,64.11,3,21,71588,19.89,2,0.2857,,,,,,,,,,,,,,,,
390,Arthur,1,9,2,2,8,1,6,53,159217,44.23,0,,,,,230800,64.11,3,21,71584,19.88,2,0.2857,,,,,,,,,,,,,,,,
391,Small Jon Umber,1,4,1,1,6,2,6,53,160029,44.45,1,6,59,178225,49.51,178225,49.51,1,7,18197,5.05,2,0.2857,Bitten in the jugular vein then stabbed in the neck and chest by Tormund Giantsbane in a field near Winterfell,T01,Open wounds involving multiple body regions,Y36.4,War operations involving firearm discharge and other forms of conventional warfare,Y92.86,Other specified countryside,2,1,1,,,,,,
392,Belicho Paenymion,1,9,1,1,8,1,6,54,161141,44.76,1,6,59,176028,48.90,176028,48.90,1,6,14888,4.14,2,0.3333,Throat slit with a knife by Grey Worm at the cliffs of Meereen,S11,Open wound of neck,Y36.4,War operations involving firearm discharge and other forms of conventional warfare,Y92.88,Other specified place of occurrence,2,2,1,,,,,,
393,Ash,1,9,2,2,9,2,6,54,161285,44.80,0,,,,,230800,64.11,3,20,69516,19.31,1,0.1500,,,,,,,,,,,,,,,,
394,Kesh,1,9,2,2,9,2,6,54,161285,44.80,0,,,,,230800,64.11,3,20,69516,19.31,1,0.1500,,,,,,,,,,,,,,,,
395,Iggo,1,1,2,2,9,1,6,54,161708,44.92,1,6,54,161777,44.94,161777,44.94,1,1,70,0.02,1,1.0000,Neck broken by Daario Naharis in the city streets of Vaes Dothrak,S12,Fracture of neck,Y04,Assault by bodily force,Y92.4,Street and highway,2,2,2,,,,,,
396,Forzho,1,9,2,2,8,1,6,54,163285,45.36,1,6,54,163621,45.45,163621,45.45,1,1,337,0.09,1,1.0000,Burnt to death inside a Dothraki temple in a fire started by Daenerys Targaryen,T29,Burns of multiple body regions,X97,"Assault by smoke, fire and flames",Y92.29,Other specified institution and public administrative area,1,2,2,,,,,,
397,Brozho,1,1,2,2,8,1,6,54,163285,45.36,1,6,54,163621,45.45,163621,45.45,1,1,337,0.09,1,1.0000,Burnt to death inside a Dothraki temple in a fire started by Daenerys Targaryen,T29,Burns of multiple body regions,X97,"Assault by smoke, fire and flames",Y92.29,Other specified institution and public administrative area,1,2,2,,,,,,
398,Qorro,1,1,2,2,8,1,6,54,163285,45.36,1,6,54,163621,45.45,163621,45.45,1,1,337,0.09,1,1.0000,Burnt to death inside a Dothraki temple in a fire started by Daenerys Targaryen,T29,Burns of multiple body regions,X97,"Assault by smoke, fire and flames",Y92.29,Other specified institution and public administrative area,1,2,2,,,,,,
399,Rhalko,1,1,2,2,8,1,6,54,163285,45.36,1,6,54,163621,45.45,163621,45.45,1,1,337,0.09,1,1.0000,Burnt to death inside a Dothraki temple in a fire started by Daenerys Targaryen,T29,Burns of multiple body regions,X97,"Assault by smoke, fire and flames",Y92.29,Other specified institution and public administrative area,1,2,2,,,,,,
400,Izembaro,1,9,2,2,9,1,6,55,164090,45.58,0,,,,,230800,64.11,3,19,66711,18.53,3,0.4737,,,,,,,,,,,,,,,,
401,Clarenzo,1,9,2,2,8,1,6,55,164118,45.59,0,,,,,230800,64.11,3,19,66683,18.52,3,0.4737,,,,,,,,,,,,,,,,
402,Crane,2,9,2,2,9,1,6,55,164131,45.59,1,6,58,175124,48.65,175124,48.65,1,4,10994,3.05,3,0.7500,Throat slit by the Waif over a chair in her own house in Braavos,S11,Open wound of neck,X99.0,Assault by knife,Y92.0,Home,1,2,1,,,,,,
403,Bobono,1,9,2,2,8,1,6,55,164135,45.59,0,,,,,230800,64.11,3,19,66666,18.52,2,0.3158,,,,,,,,,,,,,,,,
404,Camello,1,9,2,2,8,1,6,55,164153,45.60,0,,,,,230800,64.11,3,19,66648,18.51,2,0.3158,,,,,,,,,,,,,,,,
405,Bianca,2,9,2,2,8,1,6,55,164250,45.63,0,,,,,230800,64.11,3,19,66551,18.49,2,0.3158,,,,,,,,,,,,,,,,
406,Kinvara,2,2,1,2,2,1,6,55,165290,45.91,0,,,,,230800,64.11,3,19,65511,18.20,1,0.1579,,,,,,,,,,,,,,,,
407,Talla Tarly,2,9,9,1,8,1,6,56,167217,46.45,0,,,,,230800,64.11,3,18,63584,17.66,1,0.1667,,,,,,,,,,,,,,,,
408,Melessa Tarly,2,9,1,1,8,1,6,56,167217,46.45,0,,,,,230800,64.11,3,18,63584,17.66,1,0.1667,,,,,,,,,,,,,,,,
409,Dickon Tarly,1,3,2,1,4,1,6,56,167587,46.55,1,7,65,195493,54.30,195493,54.30,2,10,27907,7.75,5,1.0000,Burnt to death by dragon fire after the Battle of the Gold Road,T29,Burns of multiple body regions,Y36.6,"War operations involving fires, conflagrations and hot substances",Y92.4,Street and highway,2,1,1,,,,,,
410,Randyll Tarly,1,3,1,1,4,2,6,56,167587,46.55,1,7,65,195493,54.30,195493,54.30,2,10,27907,7.75,5,1.0000,Burnt to death by dragon fire after the Battle of the Gold Road,T29,Burns of multiple body regions,Y36.6,"War operations involving fires, conflagrations and hot substances",Y92.86,Other specified countryside,2,1,1,,,,,,
411,Kitty Frey,2,3,9,1,7,1,6,56,168966,46.94,0,,,,,230800,64.11,3,18,61835,17.18,2,0.3333,,,,,,,,,,,,,,,,
412,Ray,1,3,1,2,8,1,6,57,169647,47.12,1,6,57,172320,47.87,172320,47.87,1,1,2674,0.74,1,1.0000,Hanged by members of the Brotherhood Without Banners in a field in the Riverlands,T71,Asphyxiation,Y36.4,War operations involving firearm discharge and other forms of conventional warfare,Y92.86,Other specified countryside,2,1,1,,,,,,
413,Lyanna Mormont,2,4,1,1,1,1,6,57,170824,47.45,1,8,70,215139,59.76,215139,59.76,3,14,44316,12.31,8,1.7143,Crushed by a wight giant during the Battle of Winterfell,T04,Crushing injuries involving multiple body regions,Y36.4,War operations involving firearm discharge and other forms of conventional warfare,Y92.0,Home,2,1,2,,,,,,
414,Robett Glover,1,9,1,1,1,1,6,57,171276,47.58,0,,,,,230800,64.11,3,17,59525,16.53,5,0.8824,,,,,,,,,,,,,,,,
415,Morgan,1,2,2,2,8,1,6,57,171911,47.75,1,6,58,172780,47.99,172780,47.99,1,2,870,0.24,2,1.0000,Throat slit with an axe by Sandor Clegane on a road in a forest in the Riverlands,S11,Open wound of neck,X99.8,Assault by other specified sharp object,Y92.4,Street and highway,2,1,1,,,,,,
416,Gatins,1,2,2,2,8,1,6,57,171911,47.75,1,6,58,172811,48.00,172811,48.00,1,2,901,0.25,2,1.0000,Axe in the groin then in the head by Sandor Clegane on a road in a forest in the Riverlands,T01,Open wounds involving multiple body regions,X99.8,Assault by other specified sharp object,Y92.4,Street and highway,2,1,1,,,,,,
417,Lem,1,2,2,2,8,1,6,57,171911,47.75,1,6,58,174956,48.60,174956,48.60,1,2,3046,0.85,2,1.0000,Hanged by Sandor Clegane on a road in a forest in the Riverlands,T71,Asphyxiation,X91,"Assault by hanging, strangulation and suffocation",Y92.4,Street and highway,2,1,1,,,,,,
418,Steve,1,9,2,2,8,1,6,58,172713,47.98,1,6,58,172774,47.99,172774,47.99,1,1,62,0.02,1,1.0000,Decapitated with an axe by Sandor Clegane on a road in a forest in the Riverlands,S18,Traumatic amputation at neck level,X99.8,Assault by other specified sharp object,Y92.4,Street and highway,2,1,1,,,,,,
419,Riddell,1,9,2,2,8,1,6,58,172713,47.98,1,6,58,172779,47.99,172779,47.99,1,1,67,0.02,1,1.0000,Stabbed in the chest with an axe by Sandor Clegane on a road in a forest in the Riverlands,S21,Open wound of chest,X99.8,Assault by other specified sharp object,Y92.4,Street and highway,2,1,1,,,,,,
420,Red Priestess 2,2,2,1,2,8,1,6,58,172820,48.01,0,,,,,230800,64.11,3,16,57981,16.11,1,0.1875,,,,,,,,,,,,,,,,
421,Citadel maester,1,9,1,2,8,1,6,60,180346,50.10,0,,,,,230800,64.11,3,14,50455,14.02,1,0.2143,,,,,,,,,,,,,,,,
422,Wyman Manderly,1,3,1,1,1,1,6,60,181990,50.55,0,,,,,230800,64.11,3,14,48811,13.56,1,0.2143,,,,,,,,,,,,,,,,
423,Cley Cerwyn,1,4,1,1,1,1,6,60,182002,50.56,0,,,,,230800,64.11,3,14,48799,13.56,1,0.2143,,,,,,,,,,,,,,,,
424,Alys Karstark,2,4,1,1,1,1,7,61,183047,50.85,0,,,,,230800,64.11,2,13,47754,13.27,5,0.7692,,,,,,,,,,,,,,,,
425,Ned Umber,1,4,1,1,1,2,7,61,183163,50.88,1,8,68,209425,58.17,209425,58.17,2,8,26263,7.30,3,0.7500,Killed by the Army of the Dead at Last Hearth,S21,Open wound of chest,X99.0,Assault by knife,Y92.0,Home,1,1,9,,,,,,
426,Ebrose,1,9,1,2,8,1,7,61,184119,51.14,0,,,,,230800,64.11,2,13,46682,12.97,4,0.6154,,,,,,,,,,,,,,,,
427,Harrag,1,9,2,2,5,1,7,62,189306,52.59,0,,,,,230800,64.11,2,12,41495,11.53,4,0.6667,,,,,,,,,,,,,,,,
428,Henk,1,9,2,2,1,1,7,64,192860,53.57,0,,,,,230800,64.11,2,10,37941,10.54,1,0.2000,,,,,,,,,,,,,,,,
429,Koner,1,9,2,2,1,1,7,64,192860,53.57,0,,,,,230800,64.11,2,10,37941,10.54,1,0.2000,,,,,,,,,,,,,,,,
430,Harry Strickland,1,9,2,2,4,1,8,68,207439,57.62,1,8,72,223879,62.19,223879,62.19,1,5,16441,4.57,2,0.4000,Skewered in the back with a spear by Grey Worm during the Battle of King's Landing,S31,"Open wound of abdomen, lower back and pelvis",Y36.4,War operations involving firearm discharge and other forms of conventional warfare,Y92.29,Other specified institution and public administrative area,2,1,1,,,,,,
431,Craya,2,9,2,2,9,1,8,68,207704,57.70,0,,,,,230800,64.11,1,6,23097,6.42,1,0.1667,,,,,,,,,,,,,,,,
432,Dirah,2,9,2,2,9,1,8,68,207704,57.70,0,,,,,230800,64.11,1,6,23097,6.42,1,0.1667,,,,,,,,,,,,,,,,
433,Fergus,1,9,2,2,1,1,8,69,210780,58.55,0,,,,,230800,64.11,1,5,20021,5.56,1,0.2000,,,,,,,,,,,,,,,,
434,Fergus' Friend,1,9,2,2,1,1,8,69,210780,58.55,0,,,,,230800,64.11,1,5,20021,5.56,1,0.2000,,,,,,,,,,,,,,,,
435,Woman with Elderly Parents,2,9,9,2,1,1,8,69,210815,58.56,0,,,,,230800,64.11,1,5,19986,5.55,2,0.4000,,,,,,,,,,,,,,,,
436,Teela,2,9,9,2,1,1,8,69,210845,58.57,0,,,,,230800,64.11,1,5,19956,5.54,2,0.4000,,,,,,,,,,,,,,,,
437,Martha,2,9,2,2,8,1,8,70,216708,60.20,0,,,,,230800,64.11,1,4,14093,3.91,2,0.5000,,,,,,,,,,,,,,,,
438,Winterfell girl,2,9,9,2,1,1,8,71,218389,60.66,0,,,,,230800,64.11,1,3,12412,3.45,1,0.3333,,,,,,,,,,,,,,,,
439,Willa,2,9,9,2,1,1,8,71,218409,60.67,0,,,,,230800,64.11,1,3,12392,3.44,1,0.3333,,,,,,,,,,,,,,,,
440,Sarra,2,9,9,2,1,1,8,71,218409,60.67,0,,,,,230800,64.11,1,3,12392,3.44,1,0.3333,,,,,,,,,,,,,,,,
441,Nora,2,9,9,2,4,1,8,72,222821,61.89,1,8,72,225925,62.76,225925,62.76,1,1,3105,0.86,1,1.0000,Burned alive by Drogon during the Battle of King's Landing,T29,Burns of multiple body regions,Y36.6,"War operations involving fires, conflagrations and hot substances",Y92.4,Street and highway,2,1,1,,,,,,
442,Nora's Daughter,2,9,9,2,4,1,8,72,222821,61.89,1,8,72,225925,62.76,225925,62.76,1,1,3105,0.86,1,1.0000,Burned alive by Drogon during the Battle of King's Landing,T29,Burns of multiple body regions,Y36.6,"War operations involving fires, conflagrations and hot substances",Y92.4,Street and highway,2,1,1,,,,,,
443,Northern Sentry,1,9,2,2,1,1,8,72,222915,61.92,0,,,,,230800,64.11,1,2,7886,2.19,1,0.5000,,,,,,,,,,,,,,,,
444,Unsullied Sentry,1,9,2,2,2,1,8,72,222954,61.93,0,,,,,230800,64.11,1,2,7847,2.18,1,0.5000,,,,,,,,,,,,,,,,
445,Lannister Solider (Scorpion Command),1,9,2,2,4,1,8,72,223544,62.10,1,8,72,223784,62.16,223784,62.16,1,1,241,0.07,1,1.0000,Burned alive by Drogon during the Battle of King's Landing,T29,Burns of multiple body regions,Y36.6,"War operations involving fires, conflagrations and hot substances",Y92.4,Street and highway,2,1,1,,,,,,
446,Lannister Soldier (Captain),1,9,2,2,4,1,8,72,224076,62.24,1,8,72,224409,62.34,224409,62.34,1,1,334,0.09,1,1.0000,Spear in chest by Grey Worm during the Battle of King's Landing,S21,Open wound of chest,Y36.4,War operations involving firearm discharge and other forms of conventional warfare,Y92.4,Street and highway,2,1,1,,,,,,
447,Lannister Soldier,1,9,2,2,4,1,8,72,224079,62.24,1,8,72,224411,62.34,224411,62.34,1,1,333,0.09,1,1.0000,Stabbed by Stark soldiers during the Battle of King's Landing,S11,Open wound of neck,Y36.4,War operations involving firearm discharge and other forms of conventional warfare,Y92.4,Street and highway,2,1,1,,,,,,
448,King's Landing Citizen ,2,9,9,2,4,1,8,72,224554,62.38,1,8,72,224561,62.38,224561,62.38,1,1,8,0.00,1,1.0000,Throat slit by Stark soldier during the Battle of King's Landing,S11,Open wound of neck,Y36.4,War operations involving firearm discharge and other forms of conventional warfare,Y92.4,Street and highway,2,1,1,,,,,,
449,King's Landing Citizen (Boy),1,9,9,2,4,1,8,72,224557,62.38,0,,,,,230800,64.11,1,2,6244,1.73,1,0.5000,,,,,,,,,,,,,,,,
450,Rapist,1,9,2,2,1,1,8,72,224611,62.39,1,8,72,224627,62.40,224627,62.40,1,1,17,0.00,1,1.0000,Stabbed in abdomen by Jon Snow during the Battle of King's Landing,S31,"Open wound of abdomen, lower back and pelvis",Y36.4,War operations involving firearm discharge and other forms of conventional warfare,Y92.4,Street and highway,2,1,1,,,,,,
451,Crying Man,1,9,2,2,1,1,8,73,226360,62.88,0,,,,,230800,64.11,1,1,4441,1.23,1,1.0000,,,,,,,,,,,,,,,,
452,Lannister Soldier,1,9,2,2,4,1,8,73,226401,62.89,0,,,,,230800,64.11,1,1,4400,1.22,1,1.0000,,,,,,,,,,,,,,,,
453,Unnamed Lord 1,1,9,1,1,1,1,8,73,228755,63.54,0,,,,,230800,64.11,1,1,2046,0.57,1,1.0000,,,,,,,,,,,,,,,,
454,Lord Une,1,9,1,1,1,1,8,73,228770,63.55,0,,,,,230800,64.11,1,1,2031,0.56,1,1.0000,,,,,,,,,,,,,,,,
455,Unnamed Northern Lord,1,9,1,1,1,1,8,73,228771,63.55,0,,,,,230800,64.11,1,1,2030,0.56,1,1.0000,,,,,,,,,,,,,,,,
456,Prince of Dorne,1,9,1,1,1,1,8,73,228773,63.55,0,,,,,230800,64.11,1,1,2028,0.56,1,1.0000,,,,,,,,,,,,,,,,
457,Unnamed Lord 2,1,9,1,1,1,1,8,73,228900,63.58,0,,,,,230800,64.11,1,1,1901,0.53,1,1.0000,,,,,,,,,,,,,,,,
458,Unsullied Lieutenant/Captain,1,9,2,2,2,1,8,73,229649,63.79,0,,,,,230800,64.11,1,1,1152,0.32,1,1.0000,,,,,,,,,,,,,,,,
